ID,File_name
20240014,MagicNames.java
20240048,AntlibDefinition.java
202400145,SendEmail.java
202400270,Or.java
202400302,CCMCheckinDefault.java
202400367,InnerClassFilenameFilter.java
202400387,VAJProjectDescription.java
202400400,P4Have.java
202400409,MimeMail.java
202400439,PvcsProject.java
202400489,SunRmic.java
202400548,FileSet.java
202400574,FlatFileNameMapper.java
202400582,CompositeMapper.java
202400629,NoExitSecurityManager.java
202400632,IdentityMapper.java
202400634,WeakishReference12.java
202400639,PackageNameMapper.java
202400653,UnPackageNameMapper.java
202400670,DummyTaskWithNonVoidExecute.java
202400674,B.java
202400699,AntStructureTest.java
202400745,ContainsTest.java
202400794,JUnitClassLoaderTest.java
202400797,FileSetTest.java
202400809,JakartaOroRegexpTest.java
202400812,JakartaOroMatcherTest.java
202400820,TarEntryTest.java
202400829,ClassPathLoaderTest.java
202400834,JAXPUtilsTest.java
202400844,ReferencesTest.java
202400847,LoaderUtilsTest.java
202400865,ThreadedOutput.java
202400867,Output.java
