;ID;File_name;Label
0;202400394;P4HandlerAdapter.java;0
1;20240066;HeadFilter.java;0
2;202400495;XMLCatalog.java;0
3;20240067;TaskAdapter.java;0
4;202400856;ImplementationSpecificArgumentTest.java;0
5;202400766;CallTargetTest.java;0
6;20240086;StripLineBreaks.java;0
7;202400804;JUnitReportTest.java;0
8;202400606;ReaderInputStream.java;0
9;202400467;MAudit.java;0
10;202400275;CVSEntry.java;0
11;202400424;StarTeamLabel.java;0
12;202400334;AbstractHotDeploymentTool.java;0
13;202400280;CCMkbl.java;0
14;202400477;TelnetTask.java;0
15;202400210;StringCPInfo.java;0
16;202400425;CovBase.java;0
17;202400866;TaskdefTestSimpleTask.java;0
18;202400286;DoubleCPInfo.java;0
19;202400547;Resource.java;0
20;202400168;Jar.java;0
21;202400357;BorlandDeploymentTool.java;0
22;202400316;Image.java;0
23;202400501;BaseSelector.java;0
24;202400465;P4Counter.java;0
25;202400309;WebsphereDeploymentTool.java;0
26;20240023;Main.java;0
27;20240030;Basename.java;0
28;20240044;BaseFilterReader.java;0
29;202400787;ResourceUtilsTest.java;0
30;202400721;IsReferenceTest.java;0
31;202400363;WeblogicTOPLinkDeploymentTool.java;0
32;202400692;JavacTest.java;0
33;202400733;DummyTaskOk.java;0
34;202400823;FilterSetTest.java;0
35;202400453;RExecTask.java;0
36;202400765;StyleTest.java;0
37;20240072;CommonsLoggingListener.java;0
38;202400638;AsiExtraField.java;0
39;202400532;Substitution.java;0
40;202400722;DirnameTest.java;0
41;202400732;DeltreeTest.java;0
42;202400485;RegularExpression.java;0
43;20240070;Target.java;0
44;202400824;DependTest.java;0
45;202400291;IsSet.java;0
46;202400292;Rpm.java;0
47;202400525;WLRmic.java;0
48;202400709;ProcessDestroyerTest.java;0
49;202400817;FileListTest.java;0
50;202400254;DirectoryIterator.java;0
51;202400812;JakartaOroMatcherTest.java;1
52;202400567;Text.java;0
53;202400649;TypeSelector.java;0
54;202400136;ManifestException.java;0
55;202400713;XmlnsTest.java;0
56;202400657;SelectorScanner.java;0
57;202400174;Javadoc.java;0
58;202400516;ResourceLocation.java;0
59;202400299;CCLock.java;0
60;202400704;ConditionTest.java;0
61;20240096;DependSet.java;0
62;20240039;Copyfile.java;0
63;202400689;DummyTaskInterface.java;0
64;202400590;ScriptRunner.java;0
65;202400828;ZipLongTest.java;0
66;202400311;ExtensionSet.java;0
67;202400554;ScriptFilter.java;0
68;202400359;HotDeploymentTool.java;0
69;202400519;MSVSSCP.java;0
70;202400137;Zip.java;0
71;202400633;MajoritySelector.java;0
72;202400120;Sequential.java;0
73;202400773;GetTest.java;0
74;20240076;ClassConstants.java;0
75;202400260;CCMklbtype.java;0
76;202400697;XmlPropertyTest.java;0
77;202400266;XslpLiaison.java;0
78;202400227;IsReference.java;0
79;202400857;P4ChangeTest.java;0
80;202400323;GenericDeploymentTool.java;0
81;202400585;TeeOutputStream.java;0
82;202400655;TarEntry.java;0
83;202400196;LogOutputStream.java;0
84;202400346;VAJToolsServlet.java;0
85;202400716;PreSetDefTest.java;0
86;202400360;Ejbc.java;0
87;202400605;FileSelector.java;0
88;202400281;RCSFile.java;0
89;202400211;CCMReconfigure.java;0
90;202400670;DummyTaskWithNonVoidExecute.java;1
91;202400244;ChangeLogWriter.java;0
92;202400290;CCCheckout.java;0
93;202400420;Xalan1Executor.java;0
94;202400672;DummyTaskWithoutExecute.java;0
95;202400669;Watchdog.java;0
96;20240063;Dirname.java;0
97;202400650;ConcatFileInputStream.java;0
98;202400611;RegexpMatcher.java;0
99;202400625;ZipShort.java;0
100;202400305;VAJLoad.java;0
101;202400691;FailTest.java;0
102;202400760;ConcatFilterTest.java;0
103;20240078;AntStructure.java;0
104;202400754;CaseTest.java;0
105;202400439;PvcsProject.java;1
106;202400548;FileSet.java;1
107;202400800;TypeSelectorTest.java;0
108;202400110;ProjectHelper2.java;0
109;202400404;CovMerge.java;0
110;202400784;Jdk14RegexpRegexpTest.java;0
111;202400568;KeepAliveOutputStream.java;0
112;202400448;XMLReport.java;0
113;202400451;JUnitTask.java;0
114;202400342;EJBDeploymentTool.java;0
115;20240049;PrefixLines.java;0
116;202400139;SQLExec.java;0
117;202400623;FullAnalyzer.java;0
118;202400629;NoExitSecurityManager.java;1
119;202400526;ContainsSelector.java;0
120;202400767;LoadFileTest.java;0
121;202400412;Xalan2Executor.java;0
122;202400869;TypedefTestType.java;0
123;202400865;ThreadedOutput.java;1
124;202400235;FloatCPInfo.java;0
125;202400481;SimpleP4OutputHandler.java;0
126;20240033;TaskContainer.java;0
127;20240031;ProjectHelper.java;0
128;202400231;CCRmtype.java;0
129;202400836;DateUtilsTest.java;0
130;202400490;DependScanner.java;0
131;202400213;CvsUser.java;0
132;202400109;ExecuteWatchdog.java;0
133;20240077;Project.java;0
134;202400259;EchoProperties.java;0
135;20240082;Cvs.java;0
136;202400298;DotnetResource.java;0
137;202400436;AbstractMetamataTask.java;0
138;202400198;Tstamp.java;0
139;202400192;Contains.java;0
140;202400494;DateSelector.java;0
141;202400355;DDCreatorHelper.java;0
142;2024005;AntTypeDefinition.java;0
143;20240054;PropertyHelper.java;0
144;202400434;SSHExec.java;0
145;202400300;TraXLiaison.java;0
146;202400239;ClassFileIterator.java;0
147;20240097;AbstractCvsTask.java;0
148;202400559;AbstractAccessTask.java;0
149;202400833;A.java;0
150;202400676;ReplaceTest.java;0
151;202400487;DependSelector.java;0
152;20240025;FileScanner.java;0
153;20240084;Concat.java;0
154;20240010;NoBannerLogger.java;0
155;202400208;Ilasm.java;0
156;202400362;VAJLoadServlet.java;0
157;202400703;CVSPassTest.java;0
158;202400367;InnerClassFilenameFilter.java;1
159;202400118;Nice.java;0
160;202400677;AntClassLoaderTest.java;0
161;202400636;ZipFile.java;0
162;20240029;Location.java;0
163;202400580;FacadeTaskHelper.java;0
164;202400549;ApacheCatalog.java;0
165;202400687;WarTest.java;0
166;202400597;ZipExtraField.java;0
167;202400344;Compatability.java;0
168;20240081;ProjectComponent.java;0
169;202400558;DrawOperation.java;0
170;202400351;JbossDeploymentTool.java;0
171;202400543;ContainsRegexpSelector.java;0
172;202400383;LibFileSet.java;0
173;202400768;IntrospectionHelperTest.java;0
174;202400664;ResourceUtils.java;0
175;202400457;SummaryJUnitResultFormatter.java;0
176;202400522;BaseExtendSelector.java;0
177;202400744;InputTest.java;0
178;202400365;JavaCC.java;0
179;202400696;EqualsTest.java;0
180;202400803;ExtraFieldUtilsTest.java;0
181;202400499;ExtendSelector.java;0
182;202400265;CCMkelem.java;0
183;202400528;Parameterizable.java;0
184;202400447;MParse.java;0
185;202400306;JspMangler.java;0
186;202400514;FileList.java;0
187;2024007;DemuxOutputStream.java;0
188;202400380;VAJUtil.java;0
189;202400155;And.java;0
190;202400328;JasperC.java;0
191;202400101;RuntimeConfigurable.java;0
192;202400377;VAJAntToolGUI.java;0
193;202400506;FilterSetCollection.java;0
194;202400393;ClassFile.java;0
195;202400209;CCCheckin.java;0
196;202400296;ConstantPool.java;0
197;2024002;BuildException.java;0
198;202400215;DotnetDefine.java;0
199;202400830;ContainsSelectorTest.java;0
200;202400595;Cache.java;0
201;202400158;FilesMatch.java;0
202;202400753;DynamicTest.java;0
203;202400811;ScriptDefTest.java;0
204;202400617;EqualComparator.java;0
205;202400218;FieldRefCPInfo.java;0
206;202400835;XMLReportTest.java;0
207;202400409;MimeMail.java;1
208;202400507;Description.java;0
209;202400382;jlink.java;0
210;202400375;Specification.java;0
211;202400640;DependencyAnalyzer.java;0
212;202400212;XMLValidateTask.java;0
213;202400426;SplashTask.java;0
214;20240079;SubBuildListener.java;0
215;202400148;SignJar.java;0
216;202400405;PlainJUnitResultFormatter.java;0
217;202400462;FStatP4OutputHandler.java;0
218;202400659;LoaderUtils.java;0
219;202400422;FTP.java;0
220;202400250;CCUpdate.java;0
221;202400678;DummyTaskOkNonTask.java;0
222;202400793;RegexpMatcherTest.java;0
223;202400133;Sleep.java;0
224;202400440;Utils.java;0
225;202400165;Javac.java;0
226;202400529;DefaultRmicAdapter.java;0
227;20240055;Launcher.java;0
228;202400521;DTDLocation.java;0
229;202400710;ExecuteJavaTest.java;0
230;202400531;Permissions.java;0
231;202400326;JDependTask.java;0
232;202400445;ScriptDef.java;0
233;202400204;Rmic.java;0
234;202400596;AncestorAnalyzer.java;0
235;202400431;AbstractSshMessage.java;0
236;202400679;DummyTaskWithoutDefaultConstructor.java;0
237;202400759;AntLikeTasksAtTopLevelTest.java;0
238;202400796;MAuditParserTest.java;0
239;20240060;Available.java;0
240;202400199;Condition.java;0
241;202400247;Javah.java;0
242;202400695;LineContainsTest.java;0
243;202400433;Directory.java;0
244;202400416;P4Edit.java;0
245;202400513;MSVSS.java;0
246;202400352;JspC.java;0
247;202400815;PresentSelectorTest.java;0
248;202400801;TranslateTest.java;0
249;202400572;ZipOutputStream.java;0
250;202400802;DateSelectorTest.java;0
251;202400294;UUMailer.java;0
252;202400621;Regexp.java;0
253;202400442;XMLConstants.java;0
254;202400783;PathTest.java;0
255;20240090;ConcatFilter.java;0
256;202400816;FilenameSelectorTest.java;0
257;202400181;ProcessDestroyer.java;0
258;202400777;SignJarTest.java;0
259;20240069;DefaultExcludes.java;0
260;202400131;Sj.java;0
261;202400314;ExtraAttribute.java;0
262;202400449;P4Revert.java;0
263;202400135;DefaultCompilerAdapter.java;0
264;202400164;War.java;0
265;20240028;BuildEvent.java;0
266;202400468;P4Change.java;0
267;202400193;CompilerAdapterFactory.java;0
268;202400396;MethodInfo.java;0
269;202400478;P4Handler.java;0
270;202400361;WsdlToDotnet.java;0
271;202400140;Javac12.java;0
272;202400173;Move.java;0
273;2024006;DynamicConfigurator.java;0
274;202400807;DepthSelectorTest.java;0
275;202400536;AbstractFileSet.java;0
276;20240073;BZip2.java;0
277;202400813;ModifiedSelectorTest.java;0
278;202400850;EnumeratedAttributeTest.java;0
279;202400430;MMetrics.java;0
280;202400145;SendEmail.java;1
281;202400234;IContract.java;0
282;202400220;IsTrue.java;0
283;202400350;VAJExportServlet.java;0
284;202400368;DescriptorHandler.java;0
285;202400132;Javac13.java;0
286;202400432;P4Submit.java;0
287;202400694;IncludeTest.java;0
288;202400618;HashvalueAlgorithm.java;0
289;20240041;Ant.java;0
290;202400534;Rectangle.java;0
291;202400108;Deltree.java;0
292;202400398;SOS.java;0
293;20240056;Delete.java;0
294;202400302;CCMCheckinDefault.java;1
295;202400327;BatchTest.java;0
296;202400668;CBZip2OutputStream.java;0
297;20240024;DirectoryScanner.java;0
298;202400331;DOMUtil.java;0
299;202400712;BuildFileTest.java;0
300;20240051;ConditionTask.java;0
301;202400589;TarUtils.java;0
302;202400798;JUnitTestRunnerTest.java;0
303;202400829;ClassPathLoaderTest.java;1
304;202400264;CCUnlock.java;0
305;202400846;JUnitVersionHelperTest.java;0
306;202400599;PresentSelector.java;0
307;202400795;JakartaRegexpRegexpTest.java;0
308;202400332;VAJLocalUtil.java;0
309;20240018;AssertionTest.java;0
310;202400680;ExecuteOnTest.java;0
311;202400319;BriefJUnitResultFormatter.java;0
312;20240083;ProjectHelperImpl.java;0
313;20240061;ChainableReader.java;0
314;202400272;CCMCheckout.java;0
315;202400285;ReplaceRegExp.java;0
316;202400338;AntResolver.java;0
317;202400834;JAXPUtilsTest.java;1
318;20240012;ExitException.java;0
319;202400182;WaitFor.java;0
320;202400464;FormatterElement.java;0
321;202400539;ColorMapper.java;0
322;202400223;EmailAddress.java;0
323;202400486;Chgrp.java;0
324;202400862;PackageNameMapperTest.java;0
325;202400500;Path.java;0
326;202400381;EjbcHelper.java;0
327;202400584;TaskLogger.java;0
328;202400533;FilterSet.java;0
329;202400176;MacroDef.java;0
330;202400591;ModifiedSelector.java;0
331;202400749;MacroDefTest.java;0
332;202400163;ConditionBase.java;0
333;202400248;NameAndTypeCPInfo.java;0
334;202400557;DirSet.java;0
335;202400849;PatternSetTest.java;0
336;20240074;MailLogger.java;0
337;202400113;Antlib.java;0
338;202400483;TreeBasedTask.java;0
339;202400868;TaskdefTestContainerTask.java;0
340;202400104;AnsiColorLogger.java;0
341;202400114;ExecTask.java;0
342;202400643;RegexpMatcherFactory.java;0
343;20240092;ReplaceTokens.java;0
344;202400583;DigestAlgorithm.java;0
345;20240089;JavaClassHelper.java;0
346;202400336;JarLibDisplayTask.java;0
347;202400822;ContainsRegexpTest.java;0
348;202400799;UnPackageNameMapperTest.java;0
349;202400810;DirSetTest.java;0
350;202400530;Chown.java;0
351;202400535;DepthSelector.java;0
352;20240094;CallTarget.java;0
353;20240011;DynamicAttributeNS.java;0
354;202400408;P4Fstat.java;0
355;20240043;BUnzip2.java;0
356;20240042;Copy.java;0
357;202400329;JspCompilerAdapterFactory.java;0
358;202400167;Expand.java;0
359;202400761;GUnzipTest.java;0
360;202400706;EchoTest.java;0
361;202400662;LineTokenizer.java;0
362;202400473;AntStarTeamCheckOut.java;0
363;202400178;XSLTLiaison2.java;0
364;202400570;MappingSelector.java;0
365;202400579;MergingMapper.java;0
366;202400177;Java.java;0
367;202400594;SelectSelector.java;0
368;202400693;TaskdefsTest.java;0
369;202400601;ChainedMapper.java;0
370;202400257;DotnetBaseMatchingTask.java;0
371;202400613;SmtpResponseReader.java;0
372;202400335;Jasper41Mangler.java;0
373;202400538;Assertions.java;0
374;20240015;IntrospectionHelper.java;0
375;2024003;DynamicConfiguratorNS.java;0
376;202400388;LocationResolver.java;0
377;202400256;JSharp.java;0
378;202400428;SSHBase.java;0
379;202400450;P4Resolve.java;0
380;202400717;InitializeClassTest.java;0
381;202400222;Depend.java;0
382;202400479;JUnitTest.java;0
383;202400429;P4Delete.java;0
384;202400809;JakartaOroRegexpTest.java;1
385;202400324;VAJImport.java;0
386;202400541;RmicAdapter.java;0
387;2024009;SpecialSeq.java;0
388;202400249;IsFalse.java;0
389;20240022;PathTokenizer.java;0
390;202400356;JspCompilerAdapter.java;0
391;202400221;InterfaceMethodRefCPInfo.java;0
392;202400587;TarOutputStream.java;0
393;202400772;BZip2Test.java;0
394;202400854;CommandlineJavaTest.java;0
395;202400720;TStampTest.java;0
396;202400340;VAJTask.java;0
397;202400778;FixCrLfTest.java;0
398;202400575;MailMessage.java;0
399;202400203;XSLTLogger.java;0
400;20240093;ExecuteJava.java;0
401;202400786;EmailAddressTest.java;0
402;202400417;P4OutputHandler.java;0
403;202400552;RmicAdapterFactory.java;0
404;202400284;ChangeLogTask.java;0
405;202400184;PumpStreamHandler.java;0
406;202400788;XMLCatalogTest.java;0
407;202400456;SOSCheckin.java;0
408;202400153;TempFile.java;0
409;20240075;Locator.java;0
410;202400728;AntTest.java;0
411;202400537;Ellipse.java;0
412;202400277;CCMkattr.java;0
413;20240068;ChainReaderHelper.java;0
414;202400551;MSVSSConstants.java;0
415;202400188;Gcj.java;0
416;202400271;Test.java;0
417;202400675;PathConvertTest.java;0
418;202400542;MSVSSGET.java;0
419;202400236;CCMCreateTask.java;0
420;20240088;Task.java;0
421;202400739;DynamicTask.java;0
422;202400117;GenerateKey.java;0
423;202400125;PreSetDef.java;0
424;202400714;TestProcess.java;0
425;202400289;NetRexxC.java;0
426;202400238;ConstantCPInfo.java;0
427;2024000;DynamicElementNS.java;0
428;202400861;JavaEnvUtilsTest.java;0
429;202400444;MAuditParser.java;0
430;202400758;TarTest.java;0
431;202400395;Pvcs.java;0
432;202400518;AndSelector.java;0
433;202400126;Taskdef.java;0
434;202400278;IntegerCPInfo.java;0
435;202400750;TypedefTest.java;0
436;202400116;Definer.java;0
437;202400228;Mailer.java;0
438;202400630;TarBuffer.java;0
439;202400652;StringUtils.java;0
440;202400482;Mapper.java;0
441;202400497;DifferentSelector.java;0
442;202400274;RedirectingStreamHandler.java;0
443;202400318;VAJWorkspaceScanner.java;0
444;202400752;ZipTest.java;0
445;202400144;RecorderEntry.java;0
446;202400620;ZipLong.java;0
447;202400545;FilterChain.java;0
448;202400791;AddTypeTest.java;0
449;202400628;AbstractAnalyzer.java;0
450;202400369;ExtensionAdapter.java;0
451;202400268;PropertyFile.java;0
452;202400634;WeakishReference12.java;1
453;202400307;Compatibility.java;0
454;202400423;MAuditStreamHandler.java;0
455;202400310;Translate.java;0
456;202400354;WebLogicHotDeploymentTool.java;0
457;20240046;TypeAdapter.java;0
458;202400349;BaseTest.java;0
459;202400371;WeblogicDeploymentTool.java;0
460;202400671;BasenameTest.java;0
461;202400261;Not.java;0
462;202400195;StreamPumper.java;0
463;202400870;ZipShortTest.java;0
464;202400735;EscapeUnicodeTest.java;0
465;202400107;PropertyFileInputHandler.java;0
466;20240059;InputHandler.java;0
467;202400644;SelectorUtils.java;0
468;202400512;PatternSet.java;0
469;202400100;Checksum.java;0
470;202400443;P4OutputStream.java;0
471;202400593;RegexpUtil.java;0
472;202400781;TaskdefTest.java;0
473;202400626;PropertiesfileCache.java;0
474;202400169;SubAnt.java;0
475;202400179;ManifestTask.java;0
476;202400304;JspNameMangler.java;0
477;202400847;LoaderUtilsTest.java;1
478;20240057;Exec.java;0
479;202400839;DOMElementWriterTest.java;0
480;202400149;XSLTProcess.java;0
481;202400124;KeySubst.java;0
482;202400826;ZipEntryTest.java;0
483;202400755;MultiMapTest.java;0
484;202400185;Http.java;0
485;202400581;DependencyVisitor.java;0
486;20240050;MultipleChoiceInputRequest.java;0
487;202400341;Enumerations.java;0
488;202400446;MMetricsStreamHandler.java;0
489;202400859;ZipFileSetTest.java;0
490;202400523;MSVSSADD.java;0
491;202400321;Extension.java;0
492;202400353;JonasDeploymentTool.java;0
493;202400845;SizeSelectorTest.java;0
494;202400142;Tar.java;0
495;202400470;P4Label.java;0
496;202400370;IPlanetEjbcTask.java;0
497;202400569;Tokenizer.java;0
498;202400141;Jvc.java;0
499;202400399;Triggers.java;0
500;202400263;CvsVersion.java;0
501;202400320;AggregateTransformer.java;0
502;20240019;DemuxInputStream.java;0
503;202400172;WhichResource.java;0
504;202400707;HeadTailTest.java;0
505;202400312;VAJRemoteUtil.java;0
506;202400390;ExtensionResolver.java;0
507;202400718;DynamicFilterTest.java;0
508;202400407;ScriptDefBase.java;0
509;202400544;MSVSSHISTORY.java;0
510;20240038;AntXMLContext.java;0
511;202400175;Pack.java;0
512;202400245;Native2Ascii.java;0
513;202400723;NoNewLineTest.java;0
514;202400588;UnrecognizedExtraField.java;0
515;202400660;LeadPipeInputStream.java;0
516;202400746;FilterTest.java;0
517;202400154;Exit.java;0
518;202400287;CCMkdir.java;0
519;202400527;TransformOperation.java;0
520;20240017;BuildListener.java;0
521;202400127;CompilerAdapter.java;0
522;202400322;IPlanetEjbc.java;0
523;202400255;CCMCheck.java;0
524;202400578;OutputStreamFunneler.java;0
525;202400837;MailMessageTest.java;0
526;202400190;Property.java;0
527;202400115;StripLineComments.java;0
528;202400708;TimeProcess.java;0
529;202400180;Replace.java;0
530;202400301;PlainMailer.java;0
531;202400665;CBZip2InputStream.java;0
532;202400656;TarConstants.java;0
533;202400635;Algorithm.java;0
534;202400602;JavaEnvUtils.java;0
535;202400582;CompositeMapper.java;1
536;202400517;ImageOperation.java;0
537;202400855;StringUtilsTest.java;0
538;20240045;LineContains.java;0
539;202400789;CollectionUtilsTest.java;0
540;202400157;XmlProperty.java;0
541;202400651;JakartaRegexpMatcher.java;0
542;202400171;GZip.java;0
543;20240016;DynamicElement.java;0
544;202400511;Scale.java;0
545;20240048;AntlibDefinition.java;1
546;202400843;RedirectorElementTest.java;0
547;202400731;DummyTaskWithoutPublicConstructor.java;0
548;202400515;ZipScanner.java;0
549;202400603;FilenameSelector.java;0
550;202400480;JUnitTestRunner.java;0
551;202400283;StyleBook.java;0
552;202400576;LazyHashtable.java;0
553;202400225;Os.java;0
554;20240026;AntClassLoader.java;0
555;202400682;ExecuteWatchdogTest.java;0
556;202400437;StarTeamCheckin.java;0
557;202400825;LazyFileOutputStreamTest.java;0
558;202400364;JJTree.java;0
559;202400229;CvsTagEntry.java;0
560;20240037;Chmod.java;0
561;202400838;FacadeTaskHelperTest.java;0
562;202400374;ServerDeploy.java;0
563;202400469;StarTeamList.java;0
564;202400840;CommandlineTest.java;0
565;202400740;ManifestTest.java;0
566;202400819;GlobPatternMapperTest.java;0
567;202400194;Rename.java;0
568;202400742;BUnzip2Test.java;0
569;202400751;ImmutableTest.java;0
570;202400503;Commandline.java;0
571;202400842;FileUtilsTest.java;0
572;202400774;MockBuildListener.java;0
573;202400841;MapperTest.java;0
574;202400162;Transform.java;0
575;202400616;CRC.java;0
576;202400152;Input.java;0
577;202400598;WeakishReference.java;0
578;202400615;SelectorContainer.java;0
579;202400851;FlexIntegerTest.java;0
580;202400111;ExecuteOn.java;0
581;202400226;JarFileIterator.java;0
582;202400604;ExtraFieldUtils.java;0
583;202400103;BaseParamFilterReader.java;0
584;202400421;JUnitResultFormatter.java;0
585;202400419;Scp.java;0
586;202400586;NotSelector.java;0
587;202400119;FixCRLF.java;0
588;20240053;EscapeUnicode.java;0
589;202400151;Typedef.java;0
590;202400403;P4Labelsync.java;0
591;202400821;JDependTest.java;0
592;202400207;MatchingTask.java;0
593;202400734;ConcatTest.java;0
594;202400667;FileUtils.java;0
595;2024008;ExitStatusException.java;0
596;202400705;TouchTest.java;0
597;20240036;XmlLogger.java;0
598;202400452;AttributeInfo.java;0
599;202400253;Ildasm.java;0
600;202400653;UnPackageNameMapper.java;1
601;202400571;Jdk14RegexpRegexp.java;0
602;202400622;UnixStat.java;0
603;202400631;GlobPatternMapper.java;0
604;202400262;CCMklabel.java;0
605;202400610;RegexpPatternMapper.java;0
606;202400297;Cab.java;0
607;202400414;AntSoundPlayer.java;0
608;202400150;Sync.java;0
609;202400688;ParallelTest.java;0
610;202400790;PolyTest.java;0
611;202400550;Symlink.java;0
612;202400488;ResourceFactory.java;0
613;202400147;MacroInstance.java;0
614;202400146;Jikes.java;0
615;202400864;XMLCatalogBuildFileTest.java;0
616;202400808;AbstractFileSetTest.java;0
617;202400757;GzipTest.java;0
618;202400348;EjbJar.java;0
619;202400463;P4Base.java;0
620;202400325;DefaultJspCompilerAdapter.java;0
621;202400186;XSLTLiaison.java;0
622;202400123;LogStreamHandler.java;0
623;202400741;CopyfileTest.java;0
624;202400608;BZip2Constants.java;0
625;202400143;Parallel.java;0
626;202400832;AsiExtraFieldTest.java;0
627;202400197;ImportTask.java;0
628;202400609;TarInputStream.java;0
629;202400279;RedirectingOutputStream.java;0
630;202400293;ClassFileUtils.java;0
631;202400400;P4Have.java;1
632;202400122;JavacExternal.java;0
633;202400183;Patch.java;0
634;202400202;Mkdir.java;0
635;202400438;XMLResultAggregator.java;0
636;202400246;CSharp.java;0
637;202400415;SoundTask.java;0
638;202400770;CopydirTest.java;0
639;202400129;TaskOutputStream.java;0
640;202400637;Jdk14RegexpMatcher.java;0
641;202400402;P4Integrate.java;0
642;202400684;AbstractCvsTaskTest.java;0
643;202400673;StripJavaCommentsTest.java;0
644;202400792;BaseSelectorTest.java;0
645;202400219;ClassCPInfo.java;0
646;202400641;ErrorInQuitException.java;0
647;202400794;JUnitClassLoaderTest.java;1
648;202400658;ClasspathUtils.java;0
649;202400797;FileSetTest.java;1
650;202400624;SizeSelector.java;0
651;202400730;SQLExecTest.java;0
652;202400666;TimeoutObserver.java;0
653;202400386;BorlandGenerateClient.java;0
654;202400844;ReferencesTest.java;1
655;202400509;AntFilterReader.java;0
656;202400267;ClearCase.java;0
657;202400715;DeleteTest.java;0
658;202400441;XMLJUnitResultFormatter.java;0
659;202400496;Parameter.java;0
660;202400112;TabsToSpaces.java;0
661;202400232;RenameExtensions.java;0
662;202400756;JavaTest.java;0
663;202400607;JakartaRegexpRegexp.java;0
664;202400373;WLJspc.java;0
665;202400853;RegexpTest.java;0
666;202400233;LongCPInfo.java;0
667;202400685;SleepTest.java;0
668;202400317;JarLibResolveTask.java;0
669;202400648;NoneSelector.java;0
670;202400410;SOSGet.java;0
671;202400780;RenameTest.java;0
672;202400358;URLResolver.java;0
673;202400258;NetCommand.java;0
674;202400627;JakartaOroMatcher.java;0
675;202400632;IdentityMapper.java;1
676;202400282;CCUnCheckout.java;0
677;202400376;VAJImportServlet.java;0
678;202400384;LibraryDisplayer.java;0
679;202400224;ChangeLogParser.java;0
680;202400827;ClassFileTest.java;0
681;202400711;ProjectTest.java;0
682;202400472;SOSCmd.java;0
683;202400347;JlinkTask.java;0
684;202400505;MSVSSCHECKIN.java;0
685;202400639;PackageNameMapper.java;1
686;202400858;DependSelectorTest.java;0
687;202400806;ClassFileSetTest.java;0
688;202400785;FTPTest.java;0
689;202400619;FileNameMapper.java;0
690;202400743;RmicTest.java;0
691;202400645;ImplementationSpecificArgument.java;0
692;202400736;UntarTest.java;0
693;202400556;FlexInteger.java;0
694;202400831;ImageTest.java;0
695;202400577;JakartaOroRegexp.java;0
696;20240085;Echo.java;0
697;202400242;CCMCheckin.java;0
698;202400698;TaskContainerTest.java;0
699;202400159;Manifest.java;0
700;20240035;AntClassLoader2.java;0
701;202400540;ApacheCatalogResolver.java;0
702;202400170;LoadFile.java;0
703;202400654;ZipEntry.java;0
704;202400745;ContainsTest.java;1
705;202400737;LoaderRefTest.java;0
706;202400820;TarEntryTest.java;1
707;20240095;ExecuteStreamHandler.java;0
708;202400563;ClassfileSet.java;0
709;202400240;DotnetCompile.java;0
710;202400574;FlatFileNameMapper.java;1
711;202400690;DummyTaskWithNonPublicExecute.java;0
712;202400460;JUnitVersionHelper.java;0
713;202400553;KaffeRmic.java;0
714;202400762;TypeAdapterTest.java;0
715;202400206;JDBCTask.java;0
716;202400392;ReportFilters.java;0
717;202400397;LogListener.java;0
718;202400738;MoveTest.java;0
719;202400217;ImportTypelib.java;0
720;2024004;DynamicAttribute.java;0
721;202400642;DOMElementWriter.java;0
722;202400779;LoadPropertiesTest.java;0
723;202400612;LazyFileOutputStream.java;0
724;202400546;CommandlineJava.java;0
725;202400725;DemuxOutputTask.java;0
726;202400683;PropertyTest.java;0
727;20240098;TokenFilter.java;0
728;202400727;AntlibTest.java;0
729;202400573;CollectionUtils.java;0
730;202400406;ScpFromMessage.java;0
731;202400502;MSVSSCREATE.java;0
732;20240047;StringInputStream.java;0
733;20240032;BuildNumber.java;0
734;202400200;Touch.java;0
735;202400134;Get.java;0
736;20240027;ComponentHelper.java;0
737;202400764;DependSetTest.java;0
738;202400230;Utf8CPInfo.java;0
739;202400489;SunRmic.java;1
740;202400378;WLRun.java;0
741;202400288;VisualBasicCompile.java;0
742;202400418;SplashScreen.java;0
743;202400674;B.java;1
744;202400391;SOSLabel.java;0
745;202400592;SourceFileScanner.java;0
746;202400498;ZipFileSet.java;0
747;202400138;Filter.java;0
748;20240062;TailFilter.java;0
749;202400471;P4Sync.java;0
750;202400647;DateUtils.java;0
751;202400128;JikesOutputParser.java;0
752;202400848;DescriptionTest.java;0
753;202400520;BaseSelectorContainer.java;0
754;20240064;Execute.java;0
755;20240014;MagicNames.java;1
756;202400156;Kjc.java;0
757;20240040;StripJavaComments.java;0
758;202400492;PropertySet.java;0
759;202400379;DDCreator.java;0
760;202400187;Redirector.java;0
761;202400763;CopyTest.java;0
762;202400216;ANTLR.java;0
763;20240052;InputRequest.java;0
764;202400337;JonasHotDeploymentTool.java;0
765;202400748;DefaultExcludesTest.java;0
766;202400719;AvailableTest.java;0
767;202400724;ImportTest.java;0
768;202400295;XalanLiaison.java;0
769;202400701;MkdirTest.java;0
770;202400251;Script.java;0
771;202400726;TopLevelTaskTest.java;0
772;202400461;Coverage.java;0
773;202400455;SetProxy.java;0
774;202400867;Output.java;1
775;202400269;MethodRefCPInfo.java;0
776;202400201;Unpack.java;0
777;202400161;Equals.java;0
778;202400555;ExtendFileSelector.java;0
779;202400729;DirectoryScannerTest.java;0
780;202400401;P4Add.java;0
781;202400702;DummyTaskAbstract.java;0
782;202400476;P4Reopen.java;0
783;202400771;ReplaceTokensTest.java;0
784;202400105;UnknownElement.java;0
785;202400565;MSVSSLABEL.java;0
786;202400389;VAJExport.java;0
787;2024001;BuildLogger.java;0
788;202400814;PermissionsTest.java;0
789;202400561;BasicShape.java;0
790;20240080;Ear.java;0
791;202400205;Recorder.java;0
792;20240034;CVSPass.java;0
793;202400775;TokenFilterTest.java;0
794;202400508;Environment.java;0
795;202400427;Filters.java;0
796;202400454;Socket.java;0
797;202400366;VAJAntTool.java;0
798;20240091;ExpandProperties.java;0
799;202400339;VAJLoadProjects.java;0
800;202400345;VAJBuildInfo.java;0
801;202400776;PropertyExpansionTest.java;0
802;202400241;EmailTask.java;0
803;20240013;Diagnostics.java;0
804;202400315;ClassNameReader.java;0
805;202400600;ContainerMapper.java;0
806;202400387;VAJProjectDescription.java;1
807;202400273;ConstantPoolEntry.java;0
808;202400166;LoadProperties.java;0
809;202400863;JakartaRegexpMatcherTest.java;0
810;202400646;OrSelector.java;0
811;202400818;AssertionsTest.java;0
812;202400484;Rotate.java;0
813;202400852;Jdk14RegexpMatcherTest.java;0
814;202400504;MSVSSCHECKOUT.java;0
815;202400243;MimeMailer.java;0
816;202400566;Attrib.java;0
817;202400562;RedirectorElement.java;0
818;202400686;UnzipTest.java;0
819;202400189;UpToDate.java;0
820;202400782;TarRoundTripTest.java;0
821;202400699;AntStructureTest.java;1
822;202400475;XalanExecutor.java;0
823;202400681;JarTest.java;0
824;202400510;Arc.java;0
825;20240058;DefaultInputHandler.java;0
826;202400474;SSHUserInfo.java;0
827;202400560;EnumeratedAttribute.java;0
828;202400747;ChecksumTest.java;0
829;202400252;Message.java;0
830;20240021;Task1.java;0
831;202400313;IPlanetDeploymentTool.java;0
832;202400459;ScpToMessage.java;0
833;202400160;PathConvert.java;0
834;202400276;CvsTagDiff.java;0
835;202400191;XSLTLoggerAware.java;0
836;202400385;GenericHotDeploymentTool.java;0
837;202400805;EmailTaskTest.java;0
838;202400413;ClassPathLoader.java;0
839;202400491;StarTeamTask.java;0
840;202400343;JarLibAvailableTask.java;0
841;202400769;SubAntTest.java;0
842;202400308;DeweyDecimal.java;0
843;202400661;RegexpFactory.java;0
844;202400130;Untar.java;0
845;202400663;JAXPUtils.java;0
846;20240099;Log4jListener.java;0
847;202400372;JarLibManifestTask.java;0
848;20240087;AntMain.java;0
849;202400458;CovReport.java;0
850;202400330;WLStop.java;0
851;202400214;Continuus.java;0
852;202400466;SOSCheckout.java;0
853;202400121;GUnzip.java;0
854;202400614;KeepAliveInputStream.java;0
855;20240020;DefaultLogger.java;0
856;202400700;ExecTaskTest.java;0
857;20240071;Copydir.java;0
858;202400106;LineContainsRegExp.java;0
859;202400270;Or.java;1
860;202400860;SOSTest.java;0
861;202400435;StarTeamCheckout.java;0
862;202400102;DefBase.java;0
