ID,File_name
2024000,DynamicElementNS.java
2024003,DynamicConfiguratorNS.java
2024004,DynamicAttribute.java
2024005,AntTypeDefinition.java
2024006,DynamicConfigurator.java
2024007,DemuxOutputStream.java
20240010,NoBannerLogger.java
20240011,DynamicAttributeNS.java
20240013,Diagnostics.java
20240016,DynamicElement.java
20240018,AssertionTest.java
20240020,DefaultLogger.java
20240021,Task1.java
20240033,TaskContainer.java
20240035,AntClassLoader2.java
20240036,XmlLogger.java
20240038,AntXMLContext.java
20240051,ConditionTask.java
20240059,InputHandler.java
20240060,Available.java
20240061,ChainableReader.java
20240063,Dirname.java
20240070,Target.java
20240072,CommonsLoggingListener.java
20240074,MailLogger.java
20240075,Locator.java
20240078,AntStructure.java
20240081,ProjectComponent.java
20240082,Cvs.java
20240087,AntMain.java
20240088,Task.java
20240092,ReplaceTokens.java
20240096,DependSet.java
202400101,RuntimeConfigurable.java
202400107,PropertyFileInputHandler.java
202400116,Definer.java
202400117,GenerateKey.java
202400121,GUnzip.java
202400125,PreSetDef.java
202400127,CompilerAdapter.java
202400134,Get.java
202400135,DefaultCompilerAdapter.java
202400140,Javac12.java
202400143,Parallel.java
202400144,RecorderEntry.java
202400147,MacroInstance.java
202400148,SignJar.java
202400150,Sync.java
202400155,And.java
202400158,FilesMatch.java
202400161,Equals.java
202400166,LoadProperties.java
202400167,Expand.java
202400173,Move.java
202400178,XSLTLiaison2.java
202400185,Http.java
202400191,XSLTLoggerAware.java
202400198,Tstamp.java
202400199,Condition.java
202400203,XSLTLogger.java
202400206,JDBCTask.java
202400207,MatchingTask.java
202400208,Ilasm.java
202400209,CCCheckin.java
202400215,DotnetDefine.java
202400216,ANTLR.java
202400226,JarFileIterator.java
202400227,IsReference.java
202400231,CCRmtype.java
202400236,CCMCreateTask.java
202400239,ClassFileIterator.java
202400243,MimeMailer.java
202400246,CSharp.java
202400247,Javah.java
202400250,CCUpdate.java
202400251,Script.java
202400253,Ildasm.java
202400258,NetCommand.java
202400259,EchoProperties.java
202400260,CCMklbtype.java
202400262,CCMklabel.java
202400264,CCUnlock.java
202400265,CCMkelem.java
202400276,CvsTagDiff.java
202400277,CCMkattr.java
202400280,CCMkbl.java
202400284,ChangeLogTask.java
202400288,VisualBasicCompile.java
202400292,Rpm.java
202400295,XalanLiaison.java
202400296,ConstantPool.java
202400297,Cab.java
202400299,CCLock.java
202400300,TraXLiaison.java
202400306,JspMangler.java
202400313,IPlanetDeploymentTool.java
202400314,ExtraAttribute.java
202400316,Image.java
202400317,JarLibResolveTask.java
202400332,VAJLocalUtil.java
202400335,Jasper41Mangler.java
202400337,JonasHotDeploymentTool.java
202400340,VAJTask.java
202400342,EJBDeploymentTool.java
202400345,VAJBuildInfo.java
202400364,JJTree.java
202400365,JavaCC.java
202400368,DescriptorHandler.java
202400370,IPlanetEjbcTask.java
202400372,JarLibManifestTask.java
202400373,WLJspc.java
202400378,WLRun.java
202400381,EjbcHelper.java
202400382,jlink.java
202400386,BorlandGenerateClient.java
202400388,LocationResolver.java
202400390,ExtensionResolver.java
202400397,LogListener.java
202400398,SOS.java
202400402,P4Integrate.java
202400412,Xalan2Executor.java
202400413,ClassPathLoader.java
202400417,P4OutputHandler.java
202400419,Scp.java
202400420,Xalan1Executor.java
202400430,MMetrics.java
202400434,SSHExec.java
202400436,AbstractMetamataTask.java
202400437,StarTeamCheckin.java
202400438,XMLResultAggregator.java
202400440,Utils.java
202400441,XMLJUnitResultFormatter.java
202400442,XMLConstants.java
202400443,P4OutputStream.java
202400444,MAuditParser.java
202400445,ScriptDef.java
202400446,MMetricsStreamHandler.java
202400447,MParse.java
202400449,P4Revert.java
202400452,AttributeInfo.java
202400453,RExecTask.java
202400455,SetProxy.java
202400458,CovReport.java
202400460,JUnitVersionHelper.java
202400461,Coverage.java
202400463,P4Base.java
202400464,FormatterElement.java
202400466,SOSCheckout.java
202400467,MAudit.java
202400469,StarTeamList.java
202400472,SOSCmd.java
202400477,TelnetTask.java
202400478,P4Handler.java
202400482,Mapper.java
202400486,Chgrp.java
202400487,DependSelector.java
202400488,ResourceFactory.java
202400491,StarTeamTask.java
202400492,PropertySet.java
202400494,DateSelector.java
202400498,ZipFileSet.java
202400502,MSVSSCREATE.java
202400506,FilterSetCollection.java
202400510,Arc.java
202400517,ImageOperation.java
202400520,BaseSelectorContainer.java
202400522,BaseExtendSelector.java
202400525,WLRmic.java
202400527,TransformOperation.java
202400528,Parameterizable.java
202400529,DefaultRmicAdapter.java
202400530,Chown.java
202400531,Permissions.java
202400532,Substitution.java
202400534,Rectangle.java
202400538,Assertions.java
202400539,ColorMapper.java
202400551,MSVSSConstants.java
202400552,RmicAdapterFactory.java
202400555,ExtendFileSelector.java
202400557,DirSet.java
202400558,DrawOperation.java
202400561,BasicShape.java
202400569,Tokenizer.java
202400571,Jdk14RegexpRegexp.java
202400576,LazyHashtable.java
202400577,JakartaOroRegexp.java
202400587,TarOutputStream.java
202400588,UnrecognizedExtraField.java
202400593,RegexpUtil.java
202400597,ZipExtraField.java
202400602,JavaEnvUtils.java
202400605,FileSelector.java
202400609,TarInputStream.java
202400618,HashvalueAlgorithm.java
202400621,Regexp.java
202400624,SizeSelector.java
202400628,AbstractAnalyzer.java
202400630,TarBuffer.java
202400635,Algorithm.java
202400638,AsiExtraField.java
202400641,ErrorInQuitException.java
202400642,DOMElementWriter.java
202400645,ImplementationSpecificArgument.java
202400646,OrSelector.java
202400647,DateUtils.java
202400648,NoneSelector.java
202400652,StringUtils.java
202400654,ZipEntry.java
202400657,SelectorScanner.java
202400658,ClasspathUtils.java
202400663,JAXPUtils.java
202400666,TimeoutObserver.java
202400669,Watchdog.java
202400671,BasenameTest.java
202400672,DummyTaskWithoutExecute.java
202400681,JarTest.java
202400687,WarTest.java
202400689,DummyTaskInterface.java
202400693,TaskdefsTest.java
202400697,XmlPropertyTest.java
202400700,ExecTaskTest.java
202400702,DummyTaskAbstract.java
202400706,EchoTest.java
202400708,TimeProcess.java
202400709,ProcessDestroyerTest.java
202400712,BuildFileTest.java
202400714,TestProcess.java
202400715,DeleteTest.java
202400726,TopLevelTaskTest.java
202400728,AntTest.java
202400729,DirectoryScannerTest.java
202400732,DeltreeTest.java
202400734,ConcatTest.java
202400737,LoaderRefTest.java
202400739,DynamicTask.java
202400740,ManifestTest.java
202400744,InputTest.java
202400751,ImmutableTest.java
202400753,DynamicTest.java
202400756,JavaTest.java
202400768,IntrospectionHelperTest.java
202400775,TokenFilterTest.java
202400776,PropertyExpansionTest.java
202400781,TaskdefTest.java
202400788,XMLCatalogTest.java
202400792,BaseSelectorTest.java
202400799,UnPackageNameMapperTest.java
202400801,TranslateTest.java
202400805,EmailTaskTest.java
202400818,AssertionsTest.java
202400822,ContainsRegexpTest.java
202400827,ClassFileTest.java
202400828,ZipLongTest.java
202400833,A.java
202400839,DOMElementWriterTest.java
202400842,FileUtilsTest.java
202400846,JUnitVersionHelperTest.java
202400850,EnumeratedAttributeTest.java
202400860,SOSTest.java
202400862,PackageNameMapperTest.java
202400866,TaskdefTestSimpleTask.java
202400869,TypedefTestType.java
202400870,ZipShortTest.java
