ID;Fichier
202500;FinnishLightStemmer.java
202501;GermanMinimalStemFilter.java
202502;VocabularyAssert.java
202503;BulgarianStemmer.java
202504;GermanLightStemmer.java
202505;FrenchLightStemFilter.java
202506;GermanMinimalStemmer.java
202507;PersianNormalizer.java
202508;ArabicNormalizer.java
202509;HindiStemmer.java
2025010;PortugueseLightStemmer.java
2025011;TimeLimitingCollector.java
2025012;QueryParserTokenManager.java
2025013;FieldQueryTest.java
2025014;ExtendableQueryParser.java
2025015;MultiFieldQueryParser.java
2025016;TestMultiAnalyzer.java
2025017;TopDocsCollector.java
2025018;FragmentsBuilder.java
2025019;FuzzyTermEnum.java
2025020;TestNGramDistance.java
2025021;TestCartesianShapeFilter.java
2025022;TestRamUsageEstimator.java
2025023;TestJaroWinklerDistance.java
2025024;TestLevenshteinDistance.java
2025025;BoostingQueryTest.java
2025026;TestJakartaRegexpCapabilities.java
2025027;Test01Exceptions.java
2025028;SuggestWordQueue.java
2025029;WildcardTermEnum.java
2025030;FastVectorHighlighter.java
2025031;BasqueStemmer.java
2025032;CatalanStemmer.java
2025033;ArmenianStemmer.java
2025034;PayloadFunction.java
2025035;MaxPayloadFunction.java
2025036;MinPayloadFunction.java
2025037;FilteredQuery.java
2025038;TermScorer.java
2025039;SpanScorer.java
2025040;MatchAllDocsQuery.java
2025041;TestSerialization.java
2025042;TestBinaryDocument.java
2025043;TestCharTokenizers.java
2025044;TestCharArrayMap.java
2025045;TestCachingTokenFilter.java
2025046;TestTermdocPerf.java
2025047;TestExtensions.java
2025048;NGramTokenizerTest.java
2025049;TestStopAnalyzer.java
2025050;EdgeNGramTokenizerTest.java
2025051;TestFieldInfos.java
2025052;TestMultiReader.java
2025053;TestConfig.java
2025054;TestTermAttributeImpl.java
2025055;TestPositionBasedTermVectorMapper.java
2025056;TestPerfTasksParse.java
2025057;TestLaoBreakIterator.java
2025058;BooleanQueryTst.java
2025059;DistanceUnits.java
2025060;DistanceCheck.java
2025061;GeoHashDistanceFilter.java
2025062;DistanceHandler.java
2025063;LatLongDistanceFilter.java
2025064;Term.java
2025065;FileBasedQueryMaker.java
2025066;DistanceUtils.java
2025067;DistanceUtilsTest.java
2025068;ValueSourceQuery.java
2025069;ScoreOrderFragmentsBuilderTest.java
2025070;SimpleFragmentsBuilderTest.java
2025071;FieldTermStackTest.java
2025072;FieldPhraseListTest.java
2025073;NorwegianAnalyzer.java
2025074;FinnishAnalyzer.java
2025075;ClassicAnalyzer.java
2025076;BulgarianAnalyzer.java
2025077;PortugueseAnalyzer.java
2025078;SpanishAnalyzer.java
2025079;GreekAnalyzer.java
2025080;RomanianAnalyzer.java
2025081;ClassicTokenizer.java
2025082;HungarianAnalyzer.java
2025083;ThaiAnalyzer.java
2025084;TurkishAnalyzer.java
2025085;SwedishAnalyzer.java
2025086;StandardAnalyzer.java
2025087;ClassicFilter.java
2025088;DanishAnalyzer.java
2025089;QueryParser.java
2025090;SingleFragListBuilder.java
2025091;NumericRangeFilterBuilder.java
2025092;TestNumericRangeQueryBuilder.java
2025093;NumericRangeQueryBuilder.java
2025094;WikipediaTokenizerImpl.java
2025095;MultiTrie2.java
2025096;HHMMSegmenter.java
2025097;SinusoidalProjector.java
2025098;AbstractDictionary.java
2025099;BiSegGraph.java
20250100;InstantiatedTerm.java
20250101;TrecJudge.java
20250102;StandardSyntaxParser.java
20250103;TernaryTree.java
20250104;DirectIOLinuxDirectory.java
20250105;ShingleFilterTest.java
20250106;SpanNearQuery.java
20250107;WordBreakTestUnicode_6_0_0.java
20250108;TestQueryTemplateManager.java
20250109;NLS.java
20250110;FieldBoostMapAttribute.java
20250111;QueryParserWrapper.java
20250112;TestMultiFieldQueryParserWrapper.java
20250113;StandardQueryParser.java
20250114;MultiFieldQueryParserWrapper.java
20250115;SearchTravRetHighlightTask.java
20250116;CommitIndexTask.java
20250117;SearchTravRetVectorHighlightTask.java
20250118;TestNLS.java
20250119;TestSpanQueryParser.java
20250120;TestSpanQueryParserSimpleSample.java
20250121;TestQueryParserWrapper.java
20250122;StandardQueryNodeProcessorPipeline.java
20250123;QueryNodeProcessorPipeline.java
20250124;PrecedenceQueryParser.java
20250125;BooleanModifiersQueryNodeProcessor.java
20250126;PrecedenceQueryNodeProcessorPipeline.java
20250127;TokenStreamFromTermPositionVector.java
20250128;CompoundWordTokenFilterBase.java
20250129;IndexableBinaryStringTools.java
20250130;English.java
20250131;ToStringUtils.java
20250132;SnapshotDeletionPolicy.java
20250133;IndexCommit.java
20250134;TermAttributeImpl.java
20250135;SpanRegexQuery.java
20250136;SpanMultiTermQueryWrapper.java
20250137;SpanOrQuery.java
20250138;TestBitVector.java
20250139;Test03Distance.java
20250140;Test02Boolean.java
20250141;SpanFirstQuery.java
20250142;StempelStemmer.java
20250143;EnglishPossessiveFilter.java
20250144;TestApp.java
20250145;Tokenizer.java
20250146;StandardFilter.java
20250147;HungarianLightStemmer.java
20250148;ArmenianAnalyzer.java
20250149;BasqueAnalyzer.java
20250150;TestNumberTools.java
20250151;EnglishMinimalStemmer.java
20250152;ICUCollationKeyAnalyzer.java
20250153;BaseCharFilter.java
20250154;CatalanAnalyzer.java
20250155;TestISOLatin1AccentFilter.java
20250156;LowerCaseTokenizer.java
20250157;LetterTokenizer.java
20250158;TestSnowball.java
20250159;MultiTermQueryWrapperFilter.java
20250160;TestDateTools.java
20250161;GetTermInfo.java
20250162;SuggestWordFrequencyComparator.java
20250163;TestPlainTextDictionary.java
20250164;SuggestWordScoreComparator.java
20250165;IndonesianAnalyzer.java
20250166;ChineseTokenizer.java
20250167;RussianAnalyzer.java
20250168;EnglishAnalyzer.java
20250169;FrenchAnalyzer.java
20250170;SnowballAnalyzer.java
20250171;ChineseFilter.java
20250172;DutchStemFilter.java
20250173;RussianLetterTokenizer.java
20250174;ChineseAnalyzer.java
20250175;GermanAnalyzer.java
20250176;TopFieldCollector.java
20250177;TopScoreDocCollector.java
20250178;TestICUCollationKeyFilter.java
20250179;TestCollationKeyFilter.java
20250180;ArabicLetterTokenizer.java
20250181;ArabicAnalyzer.java
20250182;TestArabicLetterTokenizer.java
20250183;PersianAnalyzer.java
20250184;TestQualityRun.java
20250186;RamUsageEstimator.java
20250187;ByteBlockPool.java
20250188;ParallelPostingsArray.java
20250189;DocumentsWriterThreadState.java
20250190;TermVectorsReader.java
20250191;TestParallelMultiSearcher.java
20250192;DocData.java
20250193;ReadTokensTask.java
20250194;MemUsage.java
20250195;TestData.java
20250196;TimeData.java
20250197;DocMaker.java
20250198;RepAllTask.java
20250199;DirContentSource.java
20250200;PerfTask.java
20250201;ReutersContentSource.java
20250202;TaskSequence.java
20250203;ExtractWikipedia.java
20250204;Config.java
20250205;TaskStats.java
20250206;TestRunData.java
20250207;AbstractQueryMaker.java
20250208;TrecTopicsReader.java
20250209;ReportTask.java
20250210;RepSelectByPrefTask.java
20250211;BenchmarkTestCase.java
20250212;CreateIndexTaskTest.java
20250213;TestNoMergeScheduler.java
20250214;SuggestWord.java
20250215;TermCollectingRewrite.java
20250216;SearchWithCollectorTask.java
20250217;MultiCollectorTest.java
20250218;TestCharacterUtils.java
20250219;TestNumericRangeFilterBuilder.java
20250220;TestDocValues.java
20250221;TestSetOnce.java
20250222;HyphenationCompoundWordTokenFilter.java
20250223;PatternParser.java
20250224;TermsFilterTest.java
20250225;AveragePayloadFunction.java
20250226;ExactPhraseScorer.java
20250227;TestGeoHashUtils.java
20250228;TestIndexCommit.java
20250229;PolishAnalyzer.java
20250230;ConstantScoreQuery.java
20250231;ConstantScoreAutoRewrite.java
20250232;ScoringRewrite.java
20250233;InvertedDocConsumer.java
20250234;TestNoMergePolicy.java
20250235;IndexFileDeleter.java
20250236;InvertedDocEndConsumer.java
20250237;DocFieldConsumer.java
20250238;DocConsumer.java
20250239;TermsHashConsumer.java
20250240;StoredFieldsWriter.java
20250241;Searchable.java
20250242;PortugueseStemFilter.java
20250243;TestGalicianStemFilter.java
20250244;PortugueseMinimalStemmer.java
20250245;RSLPStemmerBase.java
20250246;GalicianStemFilter.java
20250247;StemmerUtil.java
20250248;GalicianStemmer.java
20250249;GenerateJFlexSupplementaryMacros.java
20250250;RAMInputStream.java
20250251;DefaultSimilarity.java
20250252;SweetSpotSimilarityTest.java
20250253;SimilarityDelegator.java
20250254;FieldNormModifier.java
20250255;TestMultiSearcher.java
20250256;BooleanQuery.java
20250257;SweetSpotSimilarity.java
20250258;NormsWriterPerField.java
20250259;TermQuery.java
20250260;ReaderUtil.java
20250261;ParallelMultiSearcher.java
20250262;FieldInvertState.java
20250263;BoostQueryNodeProcessor.java
20250264;FieldBoostMapFCListener.java
20250265;ParametricRangeQueryNodeProcessor.java
20250266;FieldDateResolutionFCListener.java
20250267;StringUtils.java
20250268;TestAnalyzingQueryParser.java
20250269;FieldConfig.java
20250270;SpansQueryConfigHandler.java
20250271;MultiTermRewriteMethodAttribute.java
20250272;QueryTreeBuilder.java
20250273;QueryConfigHandler.java
20250274;LogByteSizeMergePolicy.java
20250275;LogDocMergePolicy.java
20250276;TestSizeBoundedOptimize.java
20250277;Similarity.java
20250278;GalicianAnalyzer.java
20250279;TestQueryTreeBuilder.java
20250280;OpenIndexTask.java
20250281;FieldBoostMapAttributeImpl.java
20250282;CharTermAttributeImpl.java
20250283;AllowLeadingWildcardAttributeImpl.java
20250284;RangeCollatorAttributeImpl.java
20250285;BoostAttributeImpl.java
20250286;TestToken.java
20250287;DateResolutionAttributeImpl.java
20250288;ScriptAttributeImpl.java
20250289;TestSimpleAttributeImpls.java
20250290;MultiFieldAttributeImpl.java
20250291;PositionIncrementsAttributeImpl.java
20250292;FuzzyAttributeImpl.java
20250293;FieldDateResolutionMapAttributeImpl.java
20250294;DefaultOperatorAttributeImpl.java
20250295;AttributeImpl.java
20250296;DefaultPhraseSlopAttributeImpl.java
20250297;AnalyzerAttributeImpl.java
20250298;LowercaseExpandedTermsAttributeImpl.java
20250299;LocaleAttributeImpl.java
20250300;AttributeReflector.java
20250301;MultiTermRewriteMethodAttributeImpl.java
20250302;UniqueFieldAttributeImpl.java
20250303;TestAttributes.java
20250304;DisjunctionSumScorer.java
20250305;TestScoreCachingWrappingScorer.java
20250306;ConjunctionScorer.java
20250307;DisjunctionMaxQuery.java
20250308;ScoreCachingWrappingScorer.java
20250309;BooleanScorer2.java
20250310;ReqExclScorer.java
20250311;ReqOptSumScorer.java
20250312;DisjunctionMaxScorer.java
20250313;BooleanScorer.java
20250314;BufferedIndexInput.java
20250315;WaitForMergesTask.java
20250316;OrdFieldSource.java
20250317;ReverseOrdFieldSource.java
20250318;FieldCacheImpl.java
20250319;InstantiatedIndexReader.java
20250320;NumericUtils.java
20250321;ParallelReader.java
20250322;MultiReader.java
20250323;FilterIndexReader.java
20250324;MapBackedSet.java
20250325;SegmentTermDocs.java
20250326;TestGreekStemmer.java
20250327;TestDistanceUnits.java
20250328;SinusoidalProjectorTest.java
20250329;TestAssertions.java
20250330;TestCharTermAttributeImpl.java
20250331;QueryNode.java
20250332;TestIndexSorter.java
20250333;FreqProxTermsWriterPerField.java
20250334;PersianCharFilter.java
20250335;PayloadNearQuery.java
20250336;TestDoubleBarrelLRUCache.java
20250337;TermVectorsTermsWriterPerField.java
20250338;FilterManager.java
20250339;TotalHitCountCollector.java
20250340;LongToEnglishQueryMaker.java
20250341;FilteringTokenFilter.java
20250342;StopFilter.java
20250343;SpanNearPayloadCheckQuery.java
20250344;GenerateJflexTLDMacros.java
20250345;SpanPositionCheckQuery.java
20250346;SpanPositionRangeQuery.java
20250349;SpanPayloadCheckQuery.java
20250350;ReadOnlyDirectoryReader.java
20250351;NearRealtimeReaderTask.java
20250352;TopTermsRewrite.java
20250353;PayloadProcessorProvider.java
20250354;MultiCollector.java
20250355;SimpleFSLockFactory.java
20250356;IndexNotFoundException.java
20250357;NoMergeScheduler.java
20250358;NativeFSLockFactory.java
20250359;SetOnce.java
20250360;AbstractField.java
20250361;DoubleBarrelLRUCache.java
20250362;FSLockFactory.java
20250363;LengthFilter.java
20250364;CzechAnalyzer.java
20250365;DutchAnalyzer.java
20250366;CJKAnalyzer.java
20250367;KeywordMarkerFilter.java
20250368;TestBooleanScorer.java
20250369;TestPhrasePrefixQuery.java
20250370;ChainedFilterTest.java
20250371;TestSpanFirstQuery.java
20250372;TestPositionIncrement.java
20250373;TestConstantScoreQuery.java
20250374;TestBooleanOr.java
20250375;TestDocument.java
20250376;TestPrefixQuery.java
20250377;TestQueryWrapperFilter.java
20250378;TestTopDocsCollector.java
20250379;PayloadHelper.java
20250380;TestPrefixFilter.java
20250381;TestDateFilter.java
20250382;TestDocIdSet.java
20250383;TestTopScoreDocCollector.java
20250384;TestFieldCacheTermsFilter.java
20250385;TestRegexQuery.java
20250386;TestPayloadSpans.java
20250387;TestComplexExplanations.java
20250388;TestTermRangeFilter.java
20250389;TestPositiveScoresOnlyCollector.java
20250390;TrecGov2Parser.java
20250391;HTMLParser.java
20250392;StringBuilderReader.java
20250393;GeoHashUtils.java
20250394;SynonymMap.java
20250395;LuceneJUnitResultFormatter.java
20250396;MockIndexInput.java
20250398;_TestHelper.java
20250399;LuceneJUnitDividingSelector.java
20250400;DefaultICUTokenizerConfig.java
20250401;ClassicTokenizerImpl.java
20250402;UAX29URLEmailTokenizer.java
20250403;StandardTokenizerImpl.java
20250404;StandardTokenizer.java
20250405;NumericRangeQuery.java
20250406;NumericRangeFilter.java
20250407;NumericTokenStream.java
20250408;ShingleMatrixFilter.java
20250409;TestShingleMatrixFilter.java
20250410;Tags.java
20250411;SimpleCharStream.java
20250412;TestHtmlParser.java
20250413;Entities.java
20250414;HTMLParserTokenManager.java
20250415;HTMLParserConstants.java
20250416;DemoHTMLParser.java
20250417;ParserThread.java
20250418;SearchFiles.java
20250419;SmallFloat.java
20250420;TestSimpleExplanations.java
20250421;CheckHits.java
20250422;Scorer.java
20250423;ICUCollationKeyFilter.java
20250424;CollationKeyFilter.java
20250425;TestLocaleMethods.java
20250426;WindowsDirectory.java
20250427;PriorityQueue.java
20250428;TestIndexInput.java
20250429;Benchmark.java
20250430;Algorithm.java
20250431;TrecContentSourceTest.java
20250432;DependencyChecker.java
20250433;LicenseType.java
20250434;WriteLineDocTaskTest.java
20250435;LineDocSource.java
20250436;StreamUtils.java
20250437;ContentSource.java
20250438;EnwikiContentSource.java
20250439;TrecContentSource.java
20250440;ArrayUtil.java
20250441;CollectionUtil.java
20250442;WriteLineDocTask.java
20250443;TestComplexPhraseQuery.java
20250444;TestSimilarity.java
20250445;TestSpanRegexQuery.java
20250446;TestUnoptimizedReaderOnConstructor.java
20250447;TestFilterIndexReader.java
20250448;TestSegmentReader.java
20250449;TestParallelTermEnum.java
20250450;TestRollback.java
20250451;TestDemo.java
20250452;TestSegmentInfo.java
20250453;TestSpanQueryFilter.java
20250454;TestParallelReader.java
20250455;TestEmptyIndex.java
20250456;TestBasics.java
20250457;DuplicateFilterTest.java
20250458;TestMultiFieldQPHelper.java
20250459;MockFixedLengthPayloadFilter.java
20250460;TestNot.java
20250461;TestMultiThreadTermVectors.java
20250462;SingleFieldTestDb.java
20250463;TestFuzzyQuery.java
20250464;TestMultiPassIndexSplitter.java
20250465;TestSegmentTermEnum.java
20250466;TestCartesian.java
20250467;TestSetNorm.java
20250468;TestDirectoryReader.java
20250469;TestDistance.java
20250470;TestSegmentTermDocs.java
20250471;TestMultiFieldQueryParser.java
20250472;TestNRTReaderWithThreads.java
20250473;TestFieldCacheRangeFilter.java
20250474;TestNewestSegment.java
20250475;TestBooleanQuery.java
20250476;TestFieldCacheSanityChecker.java
20250477;TestTransactionRollback.java
20250478;TestSnapshotDeletionPolicy.java
20250479;TestDocumentWriter.java
20250480;TestQueryTermVector.java
20250481;TestSpellChecker.java
20250482;TestDateSort.java
20250483;TestLazyProxSkipping.java
20250484;LineDocSourceTest.java
20250485;MockVariableLengthPayloadFilter.java
20250486;TestNoDeletionPolicy.java
20250487;TestCheckIndex.java
20250488;TestIndicesEquals.java
20250489;TestFileSwitchDirectory.java
20250490;DocMakerTest.java
20250491;TestExplanations.java
20250492;TestTermVectorAccessor.java
20250493;FieldInfos.java
20250494;FieldInfo.java
20250495;SegGraph.java
20250496;LatvianStemmer.java
20250497;LatvianStemFilter.java
20250498;LatvianAnalyzer.java
20250499;WeightedSpanTermExtractor.java
20250500;QueryScorer.java
20250501;TestRAMDirectory.java
20250502;TestIndexWriterLockRelease.java
20250503;TestDoc.java
20250504;TestDirectory.java
20250505;AttributeSource.java
20250506;TestAttributeSource.java
20250507;TestBasqueAnalyzer.java
20250508;TestNorwegianAnalyzer.java
20250509;TestBrazilianStemmer.java
20250510;TestPortugueseStemFilter.java
20250511;TestDutchStemmer.java
20250512;TestPortugueseAnalyzer.java
20250513;TestIndonesianAnalyzer.java
20250514;TestCJKTokenizer.java
20250515;TestLatvianAnalyzer.java
20250516;TestArmenianAnalyzer.java
20250517;TestFinnishAnalyzer.java
20250518;TestCatalanAnalyzer.java
20250519;TestTurkishAnalyzer.java
20250520;TestSpanishAnalyzer.java
20250521;TestBulgarianAnalyzer.java
20250522;TestClassicAnalyzer.java
20250523;TestGalicianAnalyzer.java
20250524;TestPortugueseMinimalStemFilter.java
20250525;TestRussianAnalyzer.java
20250526;TestKeywordAnalyzer.java
20250527;TestDanishAnalyzer.java
20250528;TestRomanianAnalyzer.java
20250529;TestGermanAnalyzer.java
20250530;TestFrenchAnalyzer.java
20250531;GreekAnalyzerTest.java
20250532;TestCzechAnalyzer.java
20250533;TestAnalyzers.java
20250534;TestEnglishAnalyzer.java
20250535;TestArabicAnalyzer.java
20250536;TestUAX29URLEmailTokenizer.java
20250537;TestHindiAnalyzer.java
20250538;TestPolishAnalyzer.java
20250539;TestPortugueseLightStemFilter.java
20250540;TestSwedishAnalyzer.java
20250541;TestStandardAnalyzer.java
20250542;TestSmartChineseAnalyzer.java
20250543;TestHungarianAnalyzer.java
20250544;TestPersianAnalyzer.java
20250545;TestGermanStemFilter.java
20250546;ThaiWordFilter.java
20250547;TestThaiAnalyzer.java
20250548;TestICUFoldingFilter.java
20250549;TestICUNormalizer2Filter.java
20250550;TestICUTokenizer.java
20250551;TestICUTransformFilter.java
20250552;TestQueryNode.java
20250553;QueryNodeImpl.java
20250554;TrecLATimesParser.java
20250555;TrecDocParser.java
20250556;TrecFTParser.java
20250557;StreamUtilsTest.java
20250558;OffsetLimitTokenFilter.java
20250559;TrecFBISParser.java
20250560;AltTestTask.java
20250561;AltPackageTaskTest.java
20250562;TrecFR94Parser.java
20250563;TrecParserByPath.java
20250564;TestRealTime.java
20250565;TestCollationKeyAnalyzer.java
20250566;TestICUCollationKeyAnalyzer.java
20250567;CollationTestBase.java
20250568;PhrasePositions.java
20250569;PhraseScorer.java
20250570;PhraseQueue.java
20250571;MultipleTermPositions.java
20250572;MultiPhraseQuery.java
20250573;SorterTemplate.java
20250574;NearSpansOrdered.java
20250575;PhraseQuery.java
20250576;TestPerfTasksLogic.java
20250577;TestConcurrentMergeScheduler.java
20250578;TestSpansAdvanced2.java
20250579;TestMergeSchedulerExternal.java
20250580;TestPayloadTermQuery.java
20250581;TestSpansAdvanced.java
20250582;TestSearch.java
20250583;TestFilteredSearch.java
20250584;FuzzyLikeThisQueryTest.java
20250585;TestDocBoost.java
20250586;TestFilteredQuery.java
20250587;TestMatchAllDocsQuery.java
20250588;FreqProxFieldMergeState.java
20250589;SegmentWriteState.java
20250590;BufferedDeletes.java
20250591;TestCachingSpanFilter.java
20250592;TestIsCurrent.java
20250593;TestParser.java
20250594;TestCachingWrapperFilter.java
20250595;LineFileDocs.java
20250596;TestDeletionPolicy.java
20250597;TestWordnet.java
20250598;CreateIndexTask.java
20250599;PathHierarchyTokenizer.java
20250600;TestPathHierarchyTokenizer.java
20250601;TestReversePathHierarchyTokenizer.java
20250602;ReversePathHierarchyTokenizer.java
20250603;TestTimeLimitingCollector.java
20250604;Document.java
20250605;NumericField.java
20250606;FieldsReader.java
20250607;TestMultiSearcherRanking.java
20250608;MergeDocIDRemapper.java
20250609;ItalianAnalyzer.java
20250610;ElisionFilter.java
20250611;TestItalianAnalyzer.java
20250612;TokenSourcesTest.java
20250613;IndexUpgrader.java
20250614;OffsetLimitTokenFilterTest.java
20250615;TestSloppyPhraseQuery.java
20250616;TestLuceneDictionary.java
20250617;TestTermRangeQuery.java
20250618;TestPayloadProcessorProvider.java
20250619;TestTermVectorsWriter.java
20250620;BooleanFilterTest.java
20250621;TestTermVectors.java
20250622;HighlighterTest.java
20250623;DocHelper.java
20250624;TestExtendableQueryParser.java
20250625;TestMoreLikeThis.java
20250626;TestSynonymTokenFilter.java
20250627;TestHighFreqTerms.java
20250628;AbstractTestCase.java
20250629;MemoryIndexTest.java
20250630;TestQueryParser.java
20250631;TestQPHelper.java
20250632;TestMaxTermFrequency.java
20250633;TestMultiTermConstantScore.java
20250634;HighlighterPhraseTest.java
20250635;TermsFilterBuilder.java
20250636;MemoryIndex.java
20250637;FuzzyLikeThisQuery.java
20250638;SynLookup.java
20250639;SynExpand.java
20250640;AnalyzingQueryParser.java
20250641;InstantiatedIndexWriter.java
20250642;QueryTermVector.java
20250643;AnalyzerQueryNodeProcessor.java
20250644;MoreLikeThis.java
20250645;TermsQueryBuilder.java
20250646;SpanOrTermsBuilder.java
20250647;LikeThisQueryBuilder.java
20250648;SimilarityQueries.java
20250649;Highlighter.java
20250650;SentinelIntSet.java
20250651;Syns2Index.java
20250652;IndexWriterConfig.java
20250653;TestIndexWriterConfig.java
20250654;SpellChecker.java
20250655;DocIdSetIterator.java
20250656;TestPrecedenceQueryParser.java
20250657;SimpleFSDirectory.java
20250658;NIOFSDirectory.java
20250659;EdgeNGramTokenFilterTest.java
20250660;TestMappingCharFilter.java
20250661;TestFinnishLightStemFilter.java
20250662;TestPrefixAwareTokenFilter.java
20250663;TestASCIIFoldingFilter.java
20250664;TestBulgarianStemmer.java
20250665;PrefixAndSuffixAwareTokenFilter.java
20250666;TestItalianLightStemFilter.java
20250667;QueryAutoStopWordAnalyzer.java
20250668;TestHindiNormalizer.java
20250669;TestReverseStringFilter.java
20250670;ShingleAnalyzerWrapper.java
20250671;TestHindiStemmer.java
20250672;TestPorterStemFilter.java
20250673;TestPrefixAndSuffixAwareTokenFilter.java
20250674;TestSwedishLightStemFilter.java
20250675;DelimitedPayloadTokenFilterTest.java
20250676;TypeAsPayloadTokenFilterTest.java
20250677;PrefixAwareTokenFilter.java
20250678;TestHungarianLightStemFilter.java
20250679;TestGermanLightStemFilter.java
20250680;TokenRangeSinkTokenizerTest.java
20250681;TestGermanMinimalStemFilter.java
20250682;TestStopFilter.java
20250683;TokenTypeSinkTokenizerTest.java
20250684;TokenOffsetPayloadTokenFilterTest.java
20250685;TestCompoundWordTokenFilter.java
20250686;TestTurkishLowerCaseFilter.java
20250687;TestIndicNormalizer.java
20250688;TestEnglishMinimalStemFilter.java
20250689;TestLatvianStemmer.java
20250690;TestFrenchMinimalStemFilter.java
20250691;ShingleAnalyzerWrapperTest.java
20250692;QueryAutoStopWordAnalyzerTest.java
20250693;TestCzechStemmer.java
20250694;TestKeywordMarkerFilter.java
20250695;NumericPayloadTokenFilterTest.java
20250696;DateRecognizerSinkTokenizerTest.java
20250697;ReusableAnalyzerBase.java
20250698;TestRussianLightStemFilter.java
20250699;TestSpanishLightStemFilter.java
20250700;TestFrenchLightStemFilter.java
20250701;NGramTokenFilterTest.java
20250702;TestTeeSinkTokenFilter.java
20250703;ShingleFilter.java
20250704;TestLengthFilter.java
20250705;SloppyPhraseScorer.java
20250706;TestMultiPhraseQuery.java
20250707;DirectoryReader.java
20250708;RAMDirectory.java
20250709;FileSwitchDirectory.java
20250710;Directory.java
20250711;BaseTokenStreamTestCase.java
20250712;TestIndexReaderCloneNorms.java
20250713;TestIndexReaderClone.java
20250714;MockTokenizer.java
20250715;SegmentCoreReaders.java
20250716;SegmentNorms.java
20250717;UnsortedTermFreqIteratorWrapper.java
20250718;BufferingTermFreqIteratorWrapper.java
20250719;LookupBenchmarkTest.java
20250720;TermFreq.java
20250721;TSTLookup.java
20250722;SortedTermFreqIteratorWrapper.java
20250723;TSTAutocomplete.java
20250724;FSTLookupTest.java
20250725;JaspellTernarySearchTrie.java
20250726;Average.java
20250727;FileDictionary.java
20250728;TermFreqArrayIterator.java
20250729;TernaryTreeNode.java
20250730;PersistenceTest.java
20250731;JaspellLookup.java
20250732;MultiPassIndexSplitter.java
20250733;IndexSorter.java
20250734;ExtractReuters.java
20250735;PersistentSnapshotDeletionPolicy.java
20250736;TestPersistentSnapshotDeletionPolicy.java
20250737;TestSegmentMerger.java
20250738;IndexFileNames.java
20250739;CompoundFileWriter.java
20250740;TestCompoundFile.java
20250741;SimpleFragListBuilderTest.java
20250742;SingleFragListBuilderTest.java
20250743;FieldFragList.java
20250744;BaseFragmentsBuilder.java
20250745;Constants.java
20250746;TestBufferedIndexInput.java
20250747;RAMOutputStream.java
20250748;UnicodeUtil.java
20250749;BytesRef.java
20250750;IntSequenceOutputs.java
20250751;BytesRefFSTEnum.java
20250752;Outputs.java
20250753;DataInput.java
20250754;ByteSequenceOutputs.java
20250755;IndexFormatTooOldException.java
20250756;CodecUtil.java
20250757;IndexInput.java
20250758;IntsRefFSTEnum.java
20250759;Util.java
20250760;IndexOutput.java
20250761;UpToTwoPositiveIntOutputs.java
20250762;DataOutput.java
20250763;FSTEnum.java
20250764;IntsRef.java
20250765;PositiveIntOutputs.java
20250766;IndexFormatTooNewException.java
20250767;NodeHash.java
20250768;PairOutputs.java
20250769;FreqProxTermsWriter.java
20250770;MockLockFactoryWrapper.java
20250771;FormatPostingsTermsWriter.java
20250772;TermsHash.java
20250773;FieldsWriter.java
20250774;NormsWriter.java
20250775;FormatPostingsPositionsWriter.java
20250776;MockDirectoryWrapper.java
20250777;TermsHashPerThread.java
20250778;DocInverter.java
20250779;FormatPostingsFieldsWriter.java
20250780;DocInverterPerField.java
20250781;TestCrash.java
20250782;DocumentsWriter.java
20250783;TermInfosWriter.java
20250784;TermsHashPerField.java
20250785;TestIndexWriterWithThreads.java
20250786;FormatPostingsDocsWriter.java
20250787;TestLockFactory.java
20250788;SegmentMergeInfo.java
20250789;DocFieldProcessor.java
20250790;SegmentMerger.java
20250791;MockIndexInputWrapper.java
20250792;IOUtils.java
20250793;ThrottledIndexOutput.java
20250794;TermVectorsTermsWriter.java
20250795;DocFieldProcessorPerThread.java
20250796;TermVectorsWriter.java
20250797;Version.java
20250798;Field.java
20250799;TestLengthNormModifier.java
20250800;TestFieldNormModifier.java
20250801;IndexReader.java
20250802;SegmentReader.java
20250803;RBBIRuleCompiler.java
20250804;KStemData8.java
20250805;TestKStemmer.java
20250806;KStemData2.java
20250807;KStemData4.java
20250808;KStemData5.java
20250809;KStemData3.java
20250810;KStemData6.java
20250811;KStemData7.java
20250812;OpenStringBuilder.java
20250813;KStemData1.java
20250814;TermFreqIterator.java
20250815;Lookup.java
20250816;SortedIterator.java
20250817;HighFrequencyDictionary.java
20250818;Builder.java
20250819;TermSecondPassGroupingCollector.java
20250820;TermFirstPassGroupingCollector.java
20250821;TermAllGroupsCollector.java
20250822;AbstractAllGroupsCollector.java
20250823;AbstractSecondPassGroupingCollector.java
20250824;NoOutputs.java
20250825;TermAllGroupsCollectorTest.java
20250826;TestSameTokenSamePosition.java
20250827;TestIndexReaderDelete.java
20250828;TestIndexWriterCommit.java
20250829;TestOmitTf.java
20250830;TestPrefixInBooleanQuery.java
20250831;Test2BTerms.java
20250832;TestBackwardsCompatibility.java
20250833;TestIndexWriterOnDiskFull.java
20250834;TestParallelReaderEmptyIndex.java
20250835;TestIndexReader.java
20250836;TestIndexWriterMerging.java
20250837;TestIndexWriterMergePolicy.java
20250838;TestIndexFileDeleter.java
20250839;HighFreqTerms.java
20250840;TestIndexWriterExceptions.java
20250841;TestThreadedOptimize.java
20250842;MockIndexOutputWrapper.java
20250843;TestIndexReaderOnDiskFull.java
20250844;TestLazyBug.java
20250845;TestIndexWriterOptimize.java
20250846;TestPayloadNearQuery.java
20250847;DateTools.java
20250848;TokenSources.java
20250849;NRTCachingDirectory.java
20250850;TestNRTCachingDirectory.java
20250851;TestAddIndexes.java
20250852;TestMockAnalyzer.java
20250853;TestIndexableBinaryStringTools.java
20250854;MockAnalyzer.java
20250855;TestOrdValues.java
20250856;FunctionTestSetup.java
20250857;TestCustomScoreQuery.java
20250858;TestSearchForDuplicates.java
20250859;TestNumericUtils.java
20250860;TestStringIntern.java
20250861;TestByteSlices.java
20250862;TestFieldMaskingSpanQuery.java
20250863;TestFieldScoreQuery.java
20250864;TestWindowsMMap.java
20250865;TestStressIndexing2.java
20250866;TestIndexWriterDelete.java
20250867;TestRollingUpdates.java
20250868;TestPriorityQueue.java
20250869;TestTransactions.java
20250870;TestStressAdvance.java
20250871;TestStressIndexing.java
20250872;TestTieredMergePolicy.java
20250873;TestIndexWriterUnicode.java
20250874;TestBoolean2.java
20250875;TestBooleanMinShouldMatch.java
20250876;TestPayloads.java
20250877;TestLongPostings.java
20250878;TestSmallFloat.java
20250879;TestMultiValuedNumericRangeQuery.java
20250880;TestSearchWithThreads.java
20250881;TestCollectionUtil.java
20250882;TestFieldCache.java
20250883;TestThreadSafe.java
20250884;TestAtomicUpdate.java
20250885;TestScorerPerf.java
20250886;TestPrefixRandom.java
20250887;TestWildcardRandom.java
20250888;TestNorms.java
20250889;TestArrayUtil.java
20250890;TestCustomSearcherSort.java
20250891;TestCopyBytes.java
20250892;TestNumericRangeQuery32.java
20250893;BaseTestRangeFilter.java
20250894;TestNumericRangeQuery64.java
20250895;TestSubScorerFreqs.java
20250896;TestIndexWriterReader.java
20250897;TermInfosReader.java
20250898;SegmentTermEnum.java
20250899;KStemFilter.java
20250900;KStemmer.java
20250901;IndexSplitter.java
20250902;TestIndexSplitter.java
20250903;TwoPhaseCommit.java
20250904;TestTwoPhaseCommitTool.java
20250905;TwoPhaseCommitTool.java
20250906;CompoundFileReader.java
20250907;FSTLookup.java
20250908;OutputStreamDataOutput.java
20250909;InputStreamDataInput.java
20250910;FST.java
20250911;TestTermVectorsReader.java
20250912;MMapDirectory.java
20250913;TestMultiMMap.java
20250914;FSDirectory.java
20250915;NRTManagerReopenThread.java
20250916;NRTManager.java
20250917;TestIndexWriter.java
20250919;TestNRTThreads.java
20250920;TestNRTManager.java
20250921;SlowMultiReaderWrapper.java
20250922;TestElevationComparator.java
20250923;_TestUtil.java
20250924;BlockGroupingCollector.java
20250925;SortField.java
20250926;RandomIndexWriter.java
20250927;FieldComparator.java
20250928;FieldDocSortedHitQueue.java
20250929;SearchGroup.java
20250930;TestSort.java
20250931;DistanceFieldComparatorSource.java
20250932;FieldValueHitQueue.java
20250933;AbstractFirstPassGroupingCollector.java
20250934;GroupDocs.java
20250935;TopGroups.java
20250936;FieldDoc.java
20250937;TopDocs.java
20250938;ScoreDoc.java
20250939;AssertingIndexSearcher.java
20250940;TestSpans.java
20250941;QueryWrapperFilter.java
20250942;TestTermScorer.java
20250943;JustCompileSearch.java
20250944;TestDisjunctionMaxQuery.java
20250945;Searcher.java
20250946;TestNearSpansOrdered.java
20250947;TestGrouping.java
20250948;FieldMaskingSpanQuery.java
20250949;ReadTask.java
20250950;IndexSearcher.java
20250951;CustomScoreQuery.java
20250952;BufferedDeletesStream.java
20250953;Query.java
20250954;MultiSearcher.java
20250955;QueryUtils.java
20250956;TestTopDocsMerge.java
20250957;BitUtil.java
20250958;TestBitUtil.java
20250959;TestCachingCollector.java
20250960;CachingCollector.java
20250961;TestPKIndexSplitter.java
20250962;TestPerSegmentDeletes.java
20250963;MergePolicy.java
20250964;NoMergePolicy.java
20250965;MockRandomMergePolicy.java
20250966;BalancedSegmentMergePolicy.java
20250967;LogMergePolicy.java
20250968;IndexWriter.java
20250969;PKIndexSplitter.java
20250970;UpgradeIndexMergePolicy.java
20250971;TestPhraseQuery.java
20250972;TestFSTs.java
20250973;TestIndexWriterOnJRECrash.java
20250974;TieredMergePolicy.java
20250975;FrozenBufferedDeletes.java
20250976;SearchWithSortTask.java
20250977;SearchWithSortTaskTest.java
20250978;SegmentInfos.java
20250979;SegmentInfo.java
20250981;IndexFiles.java
20250982;BrazilianAnalyzer.java
20250983;FrenchStemFilter.java
20250984;ConcurrentMergeScheduler.java
20250985;TestIndexReaderReopen.java
20250986;TestFieldsReader.java
20250987;TestVersionComparator.java
20250988;CheckIndex.java
20250989;StringHelper.java
20250990;TestMultiLevelSkipList.java
20250991;TestOpenBitSet.java
20250992;OpenBitSet.java
20250993;TestSpanMultiTermQueryWrapper.java
20250994;MultiTermQuery.java
20250995;TestWildcard.java
20250996;WildcardQuery.java
20250998;LuceneTestCase.java
202501000;TermPositionVector.java
202501001;Formatter.java
202501002;CorruptIndexException.java
202501003;StaleReaderException.java
202501004;AlreadyClosedException.java
202501005;FileUtils.java
202501006;SegmentTermPositionVector.java
202501007;Judge.java
202501008;DocNameExtractor.java
202501009;QualityQueryParser.java
202501010;TermVectorMapper.java
202501011;TermPositions.java
202501012;LockVerifyServer.java
202501013;SubmissionReport.java
202501014;SpanFilter.java
202501015;InstantiatedTermPositionVector.java
202501016;ByteVector.java
202501017;HyphenationException.java
202501018;ByteSliceWriter.java
202501019;TestTerm.java
202501020;FieldSelector.java
202501021;LucenePackage.java
202501022;FieldReaderException.java
202501023;LoadFirstFieldSelector.java
202501024;DocFieldConsumerPerField.java
202501025;TermsHashConsumerPerThread.java
202501026;DocFieldProcessorPerField.java
202501027;InvertedDocEndConsumerPerField.java
202501028;DocConsumerPerThread.java
202501029;DocFieldConsumerPerThread.java
202501030;InvertedDocEndConsumerPerThread.java
202501031;InvertedDocConsumerPerThread.java
202501032;WeightedTerm.java
202501033;RegexCapabilities.java
202501034;RegexQueryCapable.java
202501035;FilterClause.java
202501036;DefaultEncoder.java
202501037;QueryBuilder.java
202501038;SpanQueryBuilder.java
202501039;InvertedDocConsumerPerField.java
202501040;NoSuchDirectoryException.java
202501041;StringDistance.java
202501042;OpenBitSetDISI.java
202501043;InvalidTokenOffsetsException.java
202501062;StoredFieldsWriterPerThread.java
202501063;FragListBuilder.java
202501064;LevensteinDistance.java
202501065;PayloadAttribute.java
202501066;PositionIncrementAttribute.java
202501067;OffsetAttribute.java
202501068;NullFragmenter.java
202501069;QueryNodeError.java
202501070;FieldableNode.java
202501071;QueryNodeProcessor.java
202501072;UniqueFieldAttribute.java
202501073;QueryNodeProcessorImpl.java
202501074;QueryParserMessages.java
202501075;NLSException.java
202501076;QueryNodeOperation.java
202501077;EscapeQuerySyntax.java
202501078;SpansValidatorQueryNodeProcessor.java
202501079;MessagesTestBundle.java
202501080;Message.java
202501081;SyntaxParser.java
202501082;BenchmarkHighlighter.java
202501083;IntegerEncoder.java
202501084;StringInterner.java
202501085;PositionIncrementsAttribute.java
202501086;BoostAttribute.java
202501087;SlopQueryNodeBuilder.java
202501088;AnalyzerAttribute.java
202501089;MultiFieldAttribute.java
202501090;DefaultPhraseSlopAttribute.java
202501091;BoostQueryNodeBuilder.java
202501092;RangeCollatorAttribute.java
202501093;SpanTermQueryNodeBuilder.java
202501094;BooleanModifierNode.java
202501095;FuzzyQueryNodeBuilder.java
202501096;AllowLeadingWildcardAttribute.java
202501097;StandardQueryBuilder.java
202501098;FuzzyAttribute.java
202501099;AnyQueryNodeBuilder.java
202501100;GroupQueryNodeBuilder.java
202501101;DefaultOperatorAttribute.java
202501102;StandardBooleanQueryNode.java
202501103;ModifierQueryNodeBuilder.java
202501104;LocaleAttribute.java
202501105;FieldQueryNodeBuilder.java
202501106;DateResolutionAttribute.java
202501107;SpanOrQueryNodeBuilder.java
202501108;MultiPhraseQueryNodeBuilder.java
202501109;PhraseQueryNodeBuilder.java
202501110;FieldDateResolutionMapAttribute.java
202501111;LowercaseExpandedTermsAttribute.java
202501112;QueryParserConstants.java
202501113;FastCharStream.java
202501114;Attribute.java
202501115;FloatEncoder.java
202501116;PayloadEncoder.java
202501117;StandardSyntaxParserConstants.java
202501118;QueryParserHelper.java
202501119;WildcardQueryNodeBuilder.java
202501120;PrefixWildcardQueryNodeBuilder.java
202501121;StandardQueryConfigHandler.java
202501122;RangeQueryNodeBuilder.java
202501123;Fragmenter.java
202501124;Encoder.java
202501125;TestEmptyTokenStream.java
202501126;Weight.java
202501127;FieldConfigListener.java
202501128;AbstractEncoder.java
202501129;IProjector.java
202501130;IntersectCase.java
202501131;Geometry2D.java
202501132;InvalidGeoException.java
202501133;MatchAllDocsQueryBuilder.java
202501134;SpanFirstBuilder.java
202501135;TextableQueryNode.java
202501136;BooleanQueryBuilder.java
202501137;ConstantScoreQueryBuilder.java
202501138;ParserException.java
202501139;Ellipse.java
202501140;BooleanFilterBuilder.java
202501141;Report.java
202501142;CorePlusExtensionsParser.java
202501143;TermFreqVector.java
202501144;QualityBenchmark.java
202501145;SpanTermBuilder.java
202501146;SpanBuilderBase.java
202501147;RangeFilterBuilder.java
202501148;BrazilianStemmer.java
202501149;FuzzyLikeThisQueryBuilder.java
202501150;BoostingQueryBuilder.java
202501151;FilteredQueryBuilder.java
202501152;Sample.java
202501153;NoMoreDataException.java
202501154;FilterBuilder.java
202501155;MultiLevelSkipListWriter.java
202501156;TermQueryBuilder.java
202501157;SpanNotBuilder.java
202501158;LockFactory.java
202501159;Vector2D.java
202501160;CartesianPoint.java
202501161;FloatLatLng.java
202501162;Point2D.java
202501163;FixedLatLng.java
202501164;LineSegment.java
202501165;Rectangle.java
202501166;LLRect.java
202501167;UniqueFieldQueryNodeProcessor.java
202501168;FuzzyQueryNodeProcessor.java
202501169;SimpleFragmenter.java
202501170;GroupQueryNodeProcessor.java
202501171;DOMUtils.java
202501172;SimpleHTMLFormatter.java
202501173;QueryParserUtil.java
202501174;SimpleHTMLEncoder.java
202501175;GradientFormatter.java
202501176;CartesianTierPlotter.java
202501177;MatchAllDocsQueryNodeBuilder.java
202501178;EscapeQuerySyntaxImpl.java
202501179;StandardBooleanQueryNodeBuilder.java
202501180;MatchNoDocsQueryNodeBuilder.java
202501181;BooleanQueryNodeBuilder.java
202501182;QueryNodeParseException.java
202501183;CompressionTools.java
202501184;FieldSettings.java
202501185;SingleTermEnum.java
202501186;TermRangeQuery.java
202501187;InstantiatedTermDocumentInformation.java
202501188;TermVectorEntryFreqSortedComparator.java
202501189;SetBasedFieldSelector.java
202501190;MapFieldSelector.java
202501191;TermEnum.java
202501192;TermDocs.java
202501193;ParseException.java
202501194;Token.java
202501195;CharStream.java
202501196;TokenMgrError.java
202501197;TermRangeFilter.java
202501198;TestVersion.java
202501199;FormatPostingsPositionsConsumer.java
202501200;QualityStats.java
202501201;Trec1MQReader.java
202501202;QualityQuery.java
202501203;UserInputQueryBuilder.java
202501204;QueryTermExtractor.java
202501205;LockStressTest.java
202501206;PayloadTermQuery.java
202501207;CachingTokenFilter.java
202501208;SegmentTermPositions.java
202501209;PositiveScoresOnlyCollector.java
202501210;SpanTermQuery.java
202501211;DefaultSkipListReader.java
202501212;SpanNotQuery.java
202501213;NearSpansUnordered.java
202501214;FilteredDocIdSet.java
202501215;SegmentMergeQueue.java
202501216;SegmentTermVector.java
202501217;MultiLevelSkipListReader.java
202501218;TermVectorEntry.java
202501219;DefaultSkipListWriter.java
202501220;PayloadAttributeImpl.java
202501221;DocIdSet.java
202501222;FieldCacheRangeFilter.java
202501223;ComplexExplanation.java
202501224;BufferedIndexOutput.java
202501225;TermVectorsTermsWriterPerThread.java
202501226;TermRangeTermEnum.java
202501227;TermVectorOffsetInfo.java
202501228;HitQueue.java
202501229;PositionIncrementAttributeImpl.java
202501230;BooleanClause.java
202501231;TermBuffer.java
202501232;PrefixFilter.java
202501233;ReadOnlySegmentReader.java
202501234;OffsetAttributeImpl.java
202501235;SpanQuery.java
202501236;Explanation.java
202501237;SortedTermVectorMapper.java
202501238;NormsWriterPerThread.java
202501239;DocIdBitSet.java
202501240;SerialMergeScheduler.java
202501241;FilteredTermEnum.java
202501242;FreqProxTermsWriterPerThread.java
202501243;PrefixQuery.java
202501244;ByteSliceReader.java
202501245;TokenFilter.java
202501246;FieldSortedTermVectorMapper.java
202501247;TermSpans.java
202501248;PrefixTermEnum.java
202501249;VerifyingLockFactory.java
202501250;MessageImpl.java
202501251;TestLock.java
202501252;SingleDocTestFilter.java
202501253;TestSpanExplanationsOfNonMatches.java
202501254;MockFilter.java
202501255;TestCharFilter.java
202501256;Shape.java
202501257;OrQueryNode.java
202501258;SearchTravTask.java
202501259;QueryNodeException.java
202501260;ReutersQueryMaker.java
202501261;LowercaseExpandedTermsQueryNodeProcessor.java
202501262;MultiTermRewriteMethodProcessor.java
202501263;TokenizedPhraseQueryNode.java
202501264;ParametricRangeQueryNode.java
202501265;DistanceFilter.java
202501266;AllowLeadingWildcardProcessor.java
202501267;TokenRangeSinkFilter.java
202501268;FieldQueryNode.java
202501269;SearchTravRetTask.java
202501270;SimpleQueryMaker.java
202501271;OpaqueQueryNode.java
202501272;CloseIndexTask.java
202501273;RegexTermEnum.java
202501274;SimpleSloppyPhraseQueryMaker.java
202501275;LatLng.java
202501276;NewAnalyzerTask.java
202501277;PhraseSlopQueryNode.java
202501278;OptimizeTask.java
202501279;ResetSystemSoftTask.java
202501280;RepSumByPrefTask.java
202501281;TokenTypeSinkFilter.java
202501282;NoTokenFoundQueryNode.java
202501283;BooleanSingleChildOptimizationQueryNodeProcessor.java
202501284;RemoveEmptyNonLeafQueryNodeProcessor.java
202501285;FuzzyQueryNode.java
202501286;AddDocTask.java
202501287;WildcardQueryNodeProcessor.java
202501288;RepSumByNameTask.java
202501289;MatchAllDocsQueryNodeProcessor.java
202501290;NewRoundTask.java
202501291;FieldSetting.java
202501292;MatchNoDocsQueryNode.java
202501293;SpansQueryTreeBuilder.java
202501294;RepSumByPrefRoundTask.java
202501295;TermVectorAccessor.java
202501296;AnyQueryNode.java
202501297;PhraseSlopQueryNodeProcessor.java
202501298;AndQueryNode.java
202501299;RegexQuery.java
202501300;JavaUtilRegexCapabilities.java
202501301;WarmTask.java
202501302;DeletedQueryNode.java
202501303;StandardQueryTreeBuilder.java
202501304;ConsumeContentSourceTask.java
202501305;ClearStatsTask.java
202501306;SetPropTask.java
202501307;GroupQueryNode.java
202501308;ParametricQueryNode.java
202501309;WildcardQueryNode.java
202501310;BoostQueryNode.java
202501311;CountingHighlighterTestTask.java
202501312;RepSumByNameRoundTask.java
202501313;ProximityQueryNode.java
202501314;UnescapedCharSequence.java
202501315;BoostingQuery.java
202501316;ModifierQueryNode.java
202501317;SearchTravRetLoadFieldSelectorTask.java
202501318;SlopQueryNode.java
202501319;MultiFieldQueryNodeProcessor.java
202501320;SortableSingleDocSource.java
202501321;FormBasedXmlQueryDemo.java
202501322;NoChildOptimizationQueryNodeProcessor.java
202501323;MultiPhraseQueryNode.java
202501324;PrefixWildcardQueryNode.java
202501325;Hyphen.java
202501326;ResetInputsTask.java
202501327;SimpleFragmentsBuilder.java
202501328;SingleDocSource.java
202501329;BooleanQueryNode.java
202501330;QualityQueriesFinder.java
202501331;InstantiatedTermFreqVector.java
202501332;PathQueryNode.java
202501333;CountingSearchTestTask.java
202501334;SpanGradientFormatter.java
202501335;QueryData.java
202501336;ResetSystemEraseTask.java
202501337;SearchTask.java
202501338;ScoreOrderFragmentsBuilder.java
202501339;QuotedFieldQueryNode.java
202501340;RemoveDeletedQueryNodesProcessor.java
202501341;DefaultPhraseSlopQueryNodeProcessor.java
202501342;SpanOrBuilder.java
202501343;CachedFilterBuilder.java
202501344;SpanNearBuilder.java
202501345;FilterBuilderFactory.java
202501346;QueryBuilderFactory.java
202501347;SpanQueryBuilderFactory.java
202501348;Sort.java
202501349;IndexDeletionPolicy.java
202501350;PlainTextDictionary.java
202501351;MoreLikeThisQuery.java
202501352;TermsFilter.java
202501353;KeepOnlyLastCommitDeletionPolicy.java
202501354;Dictionary.java
202501355;CartesianShapeFilter.java
202501356;DuplicateFilter.java
202501357;LuceneDictionary.java
202501358;NamedThreadFactory.java
202501359;RollbackIndexTask.java
202501360;ReopenReaderTask.java
202501361;DeleteByPercentTask.java
202501362;OpenReaderTask.java
202501363;PrintReaderTask.java
202501364;FlushReaderTask.java
202501365;DeleteDocTask.java
202501366;UpdateDocTask.java
202501367;CloseReaderTask.java
202501368;WaitTask.java
202501369;ThreadInterruptedException.java
202501370;Lock.java
202501371;FieldCacheTermsFilter.java
202501372;RangeQueryNode.java
202501373;Fieldable.java
202501374;SpanWeight.java
202501375;TermInfo.java
202501376;TopFieldDocs.java
202501377;TestComplexExplanationsOfNonMatches.java
202501378;TestSimpleExplanationsOfNonMatches.java
202501379;TestSpanExplanations.java
202501380;JustCompileSearchSpans.java
202501381;TestCloseableThreadLocal.java
202501382;PositionBasedTermVectorMapper.java
202501383;ParserExtension.java
202501384;Extensions.java
202501385;ExtensionStub.java
202501386;InstantiatedTermDocs.java
202501387;AbstractAllTermDocs.java
202501388;IdentityEncoder.java
202501390;ExtensionQuery.java
202501391;InstantiatedAllTermDocs.java
202501392;AllTermDocs.java
202501393;WeightedSpanTerm.java
202501394;InstantiatedTermPositions.java
202501395;TextFragment.java
202501396;DistanceApproximation.java
202501397;NumberTools.java
202501398;DateField.java
202501399;BooleanFilter.java
202501400;EnwikiQueryMaker.java
202501401;PerfTaskTest.java
202501402;ComplexPhraseQueryParser.java
202501403;MappingCharFilter.java
202501404;NormalizeCharMap.java
202501405;CharReader.java
202501406;FieldPhraseList.java
202501407;PerfRunData.java
202501408;NewLocaleTask.java
202501409;NewCollationAnalyzerTask.java
202501410;StopwordAnalyzerBase.java
202501411;Filter.java
202501412;SpanQueryFilter.java
202501413;CharFilter.java
202501414;OpenBitSetIterator.java
202501415;TestWordlistLoader.java
202501416;WordlistLoader.java
202501417;RussianStemmer.java
202501418;TurkishStemmer.java
202501419;FrenchStemmer.java
202501420;PortugueseStemmer.java
202501421;RomanianStemmer.java
202501422;German2Stemmer.java
202501423;SwedishStemmer.java
202501424;DutchStemmer.java
202501425;FinnishStemmer.java
202501426;DanishStemmer.java
202501427;EnglishStemmer.java
202501428;SpanishStemmer.java
202501429;HungarianStemmer.java
202501430;KpStemmer.java
202501431;NorwegianStemmer.java
202501432;GermanStemmer.java
202501433;LovinsStemmer.java
202501434;ItalianStemmer.java
202501435;KeywordAttribute.java
202501436;KeywordAttributeImpl.java
202501437;CharBlockPool.java
202501438;PorterStemmer.java
202501439;SortedVIntList.java
202501440;TestSortedVIntList.java
202501441;FieldQuery.java
202501442;SimpleAnalyzer.java
202501443;WhitespaceAnalyzer.java
202501444;ValueSource.java
202501445;BigramDictionary.java
202501446;SimpleStringInterner.java
202501447;ChecksumIndexOutput.java
202501448;FieldScoreQuery.java
202501449;Collector.java
202501450;CharType.java
202501451;ScorerDocQueue.java
202501452;PayloadSpanUtil.java
202501453;AnalyzerProfile.java
202501454;SegTokenPair.java
202501455;SpanFilterResult.java
202501456;PathNode.java
202501457;SmartChineseAnalyzer.java
202501458;WordType.java
202501459;FormatPostingsDocsConsumer.java
202501460;FormatPostingsFieldsConsumer.java
202501461;CloseableThreadLocal.java
202501462;FormatPostingsTermsConsumer.java
202501463;SegToken.java
202501464;Utility.java
202501465;MapOfSets.java
202501466;WordDictionary.java
202501467;FieldComparatorSource.java
202501468;CharacterUtils.java
202501469;FlagsAttributeImpl.java
202501470;Spans.java
202501471;WordSegmenter.java
202501472;SegTokenFilter.java
202501473;DummyConcurrentLock.java
202501474;FieldCacheSource.java
202501475;ChecksumIndexInput.java
202501476;FlagsAttribute.java
202501477;TestChineseTokenizer.java
202501478;IndicTokenizer.java
202501479;TestRussianLetterTokenizer.java
202501480;EmptyTokenStream.java
202501481;BitVector.java
202501482;QueryDriver.java
202501483;FuzzyQuery.java
202501484;SimpleQQParser.java
202501485;MatchAllDocsQueryNode.java
202501486;IndexFileNameFilter.java
202501487;TestVirtualMethod.java
202501488;SingleInstanceLockFactory.java
202501489;CharVector.java
202501490;BoostingTermBuilder.java
202501491;FilteredDocIdSetIterator.java
202501492;IntFieldSource.java
202501493;DocValues.java
202501494;Hyphenation.java
202501495;InstantiatedDocument.java
202501496;CharArrayMap.java
202501497;AnalyzerUtil.java
202501498;TestCharArraySet.java
202501499;QueryMaker.java
202501500;ShortFieldSource.java
202501501;InstantiatedIndex.java
202501502;CustomScoreProvider.java
202501503;JaroWinklerDistance.java
202501504;ByteFieldSource.java
202501505;MemoryModel.java
202501506;TestArabicNormalizationFilter.java
202501507;TeeSinkTokenFilter.java
202501508;Points.java
202501509;PatternConsumer.java
202501510;Parameter.java
202501511;FieldCache.java
202501512;LockReleaseFailedException.java
202501513;TestStemmerOverrideFilter.java
202501514;TestPersianNormalizationFilter.java
202501515;LockObtainFailedException.java
202501516;PatternAnalyzerTest.java
202501517;DuplicateFilterBuilder.java
202501518;HyphenationTree.java
202501519;FloatFieldSource.java
202501520;Payload.java
202501521;AverageGuessMemoryModel.java
202501522;InstantiatedTermEnum.java
202501523;NewShingleAnalyzerTask.java
202501524;NoLockFactory.java
202501525;StopAnalyzer.java
202501526;QueryTemplateManager.java
202501527;CharArraySet.java
202501528;NGramDistance.java
202501529;Among.java
202501530;SnowballProgram.java
202501531;RAMFile.java
202501532;TestHugeRamFile.java
202501533;TypeAttributeImpl.java
202501534;TypeAttribute.java
202501535;FieldTermStack.java
202501536;MergeScheduler.java
202501537;CoreParser.java
202501538;CartesianPolyFilterBuilder.java
202501539;KeywordTokenizer.java
202501540;ASCIIFoldingFilter.java
202501541;TermAttribute.java
202501542;PorterStemFilter.java
202501543;StandardSyntaxParserTokenManager.java
202501544;LowerCaseFilter.java
202501545;PerFieldAnalyzerWrapper.java
202501546;JavaCharStream.java
202501547;TestPerFieldAnalzyerWrapper.java
202501548;DocInverterPerThread.java
202501549;TestNumericTokenStream.java
202501550;ISOLatin1AccentFilter.java
202501551;CharTermAttribute.java
202501552;KeywordAnalyzer.java
202501553;TokenStream.java
202501554;WhitespaceTokenizer.java
202501555;Analyzer.java
202501556;TestArabicStemFilter.java
202501557;CollationKeyAnalyzer.java
202501558;HindiAnalyzer.java
202501559;JakartaRegexpCapabilities.java
202501560;TermsHashConsumerPerField.java
202501561;Format.java
202501562;LongToEnglishContentSource.java
202501563;NoDeletionPolicy.java
202501564;BasicQueryFactory.java
202501565;SrndTermQuery.java
202501566;TooManyBasicQueries.java
202501567;SrndTruncQuery.java
202501568;FieldsQuery.java
202501569;SpanNearClauseFactory.java
202501570;DistanceQueryBuilder.java
202501571;OrQuery.java
202501572;SrndPrefixQuery.java
202501573;AndQuery.java
202501574;SrndBooleanQuery.java
202501575;NotQuery.java
202501576;DistanceSubQuery.java
202501577;ChainedFilter.java
202501578;SrndQuery.java
202501579;ComposedQuery.java
202501580;ExceptionQueryTst.java
202501581;DistanceQuery.java
202501582;SimpleTerm.java
202501583;ICUNormalizer2Filter.java
202501584;ICUFoldingFilter.java
202501585;ICUTransformFilter.java
202501586;Trie.java
202501587;TestCompile.java
202501588;Cell.java
202501589;MultiTrie.java
202501590;StempelFilter.java
202501591;Row.java
202501592;Diff.java
202501593;DiffIt.java
202501594;Reduce.java
202501595;Optimizer.java
202501596;Gener.java
202501597;Optimizer2.java
202501598;Lift.java
202501599;Compile.java
202501600;TestStemmer.java
202501601;ICUTokenizer.java
202501602;CompositeBreakIterator.java
202501603;BreakIteratorWrapper.java
202501604;ScriptIterator.java
202501605;CharArrayIterator.java
202501606;LaoBreakIterator.java
202501607;TestCharArrayIterator.java
202501608;ICUTokenizerConfig.java
202501609;ScriptAttribute.java
202501610;IndonesianStemFilter.java
202501611;TestIndonesianStemmer.java
202501612;IntBlockPool.java
202501613;GreekStemmer.java
202501614;GreekLowerCaseFilter.java
202501615;GreekStemFilter.java
202501616;StandardTokenizerInterface.java
202501617;ReusableStringReader.java
202501618;IndexMergeTool.java
202501619;CachingSpanFilter.java
202501620;FieldCacheSanityChecker.java
202501621;CachingWrapperFilterHelper.java
202501622;CachingWrapperFilter.java
202501623;LimitTokenCountAnalyzer.java
202501624;LimitTokenCountFilter.java
202501625;CharTokenizer.java
202501626;VirtualMethod.java
202501627;WikipediaTokenizer.java
202501628;SentenceTokenizer.java
202501629;CJKTokenizer.java
202501630;SingleTokenTokenStream.java
202501631;SnowballFilter.java
202501632;QueryTermScorer.java
202501633;PositionFilter.java
202501634;PositionFilterTest.java
202501635;BulgarianStemFilter.java
202501636;DelimitedPayloadTokenFilter.java
202501637;HindiStemFilter.java
202501638;PatternAnalyzer.java
202501639;TestMultiAnalyzerWrapper.java
202501640;DateRecognizerSinkFilter.java
202501641;RussianLowerCaseFilter.java
202501642;ArabicStemFilter.java
202501643;IndicNormalizationFilter.java
202501644;TestSingleTokenTokenFilter.java
202501645;TurkishLowerCaseFilter.java
202501646;NGramTokenFilter.java
202501647;EdgeNGramTokenFilter.java
202501648;TypeAsPayloadTokenFilter.java
202501649;PersianNormalizationFilter.java
202501650;NumericPayloadTokenFilter.java
202501651;RussianStemFilter.java
202501652;NGramTokenizer.java
202501653;TestMultiAnalyzerQPHelper.java
202501654;SynonymTokenFilter.java
202501655;StemmerOverrideFilter.java
202501656;CzechStemFilter.java
202501657;WordTokenFilter.java
202501658;WikipediaTokenizerTest.java
202501659;TokenGroup.java
202501660;DictionaryCompoundWordTokenFilter.java
202501661;ReverseStringFilter.java
202501662;IndexTimeSynonymTest.java
202501663;EdgeNGramTokenizer.java
202501664;GermanStemFilter.java
202501665;SimpleSpanFragmenter.java
202501666;HindiNormalizationFilter.java
202501667;ArabicNormalizationFilter.java
202501668;BrazilianStemFilter.java
202501669;TokenOffsetPayloadTokenFilter.java
202501670;TestElision.java
202501671;NativePosixUtil.java
202501672;FieldSelectorResult.java
202501673;SimpleFragListBuilder.java
202501674;ItalianLightStemFilter.java
202501675;FrenchMinimalStemFilter.java
202501676;GermanLightStemFilter.java
202501677;TestRussianStem.java
202501678;PortugueseMinimalStemFilter.java
202501679;FrenchLightStemmer.java
202501680;HungarianLightStemFilter.java
202501681;SwedishLightStemmer.java
202501682;IndicNormalizer.java
202501683;PortugueseLightStemFilter.java
202501684;RussianLightStemmer.java
202501685;IndonesianStemmer.java
202501686;SpanishLightStemFilter.java
202501687;SwedishLightStemFilter.java
202501688;EnglishMinimalStemFilter.java
202501689;FrenchMinimalStemmer.java
202501690;TestSnowballVocab.java
202501691;HindiNormalizer.java
202501692;ArabicStemmer.java
202501693;FinnishLightStemFilter.java
202501694;RussianLightStemFilter.java
202501695;ItalianLightStemmer.java
202501696;SpanishLightStemmer.java
202501697;CzechStemmer.java
