,ID,File_name,Label
0,20250442,WriteLineDocTask.java,0
1,20250574,NearSpansOrdered.java,0
2,20250571,MultipleTermPositions.java,0
3,20250538,TestPolishAnalyzer.java,0
4,202501643,IndicNormalizationFilter.java,0
5,20250135,SpanRegexQuery.java,0
6,202501327,SimpleFragmentsBuilder.java,0
7,2025070,SimpleFragmentsBuilderTest.java,0
8,20250343,SpanNearPayloadCheckQuery.java,0
9,20250290,MultiFieldAttributeImpl.java,0
10,202501355,CartesianShapeFilter.java,0
11,20250552,TestQueryNode.java,0
12,20250789,DocFieldProcessor.java,0
13,20250211,BenchmarkTestCase.java,0
14,20250903,TwoPhaseCommit.java,0
15,202501203,UserInputQueryBuilder.java,0
16,202501311,CountingHighlighterTestTask.java,0
17,20250186,RamUsageEstimator.java,0
18,2025049,TestStopAnalyzer.java,0
19,202501501,InstantiatedIndex.java,0
20,20250570,PhraseQueue.java,0
21,202501451,ScorerDocQueue.java,0
22,20250978,SegmentInfos.java,0
23,202501324,PrefixWildcardQueryNode.java,0
24,20250168,EnglishAnalyzer.java,0
25,202501666,HindiNormalizationFilter.java,0
26,2025099,BiSegGraph.java,0
27,20250241,Searchable.java,0
28,202501034,RegexQueryCapable.java,0
29,202501564,BasicQueryFactory.java,0
30,20250204,Config.java,0
31,202501265,DistanceFilter.java,0
32,202501475,ChecksumIndexInput.java,0
33,202501537,CoreParser.java,0
34,20250681,TestGermanMinimalStemFilter.java,0
35,202501140,BooleanFilterBuilder.java,0
36,20250276,TestSizeBoundedOptimize.java,0
37,202501189,SetBasedFieldSelector.java,0
38,2025023,TestJaroWinklerDistance.java,0
39,202501575,NotQuery.java,0
40,20250615,TestSloppyPhraseQuery.java,0
41,202501183,CompressionTools.java,0
42,20250510,TestPortugueseStemFilter.java,0
43,20250332,TestIndexSorter.java,0
44,202501667,ArabicNormalizationFilter.java,0
45,20250415,HTMLParserConstants.java,0
46,202501492,IntFieldSource.java,0
47,20250418,SearchFiles.java,0
48,202501185,SingleTermEnum.java,0
49,202501374,SpanWeight.java,0
50,20250920,TestNRTManager.java,0
51,20250457,DuplicateFilterTest.java,0
52,202501204,QueryTermExtractor.java,0
53,20250761,UpToTwoPositiveIntOutputs.java,0
54,20250317,ReverseOrdFieldSource.java,0
55,20250698,TestRussianLightStemFilter.java,0
56,2025065,FileBasedQueryMaker.java,0
57,20250625,TestMoreLikeThis.java,0
58,2025029,WildcardTermEnum.java,0
59,20250548,TestICUFoldingFilter.java,0
60,202501439,SortedVIntList.java,0
61,202501582,SimpleTerm.java,0
62,202501410,StopwordAnalyzerBase.java,0
63,202501376,TopFieldDocs.java,0
64,202501069,QueryNodeError.java,0
65,2025030,FastVectorHighlighter.java,0
66,202501227,TermVectorOffsetInfo.java,0
67,202501093,SpanTermQueryNodeBuilder.java,0
68,20250776,MockDirectoryWrapper.java,0
69,202501147,RangeFilterBuilder.java,0
70,20250430,Algorithm.java,0
71,202501517,DuplicateFilterBuilder.java,0
72,20250530,TestFrenchAnalyzer.java,0
73,20250333,FreqProxTermsWriterPerField.java,0
74,20250345,SpanPositionCheckQuery.java,0
75,20250600,TestPathHierarchyTokenizer.java,0
76,202501624,LimitTokenCountFilter.java,0
77,20250417,ParserThread.java,0
78,202501154,FilterBuilder.java,0
79,202501351,MoreLikeThisQuery.java,0
80,20250518,TestCatalanAnalyzer.java,0
81,20250115,SearchTravRetHighlightTask.java,0
82,202501202,QualityQuery.java,0
83,202501120,PrefixWildcardQueryNodeBuilder.java,0
84,20250810,KStemData6.java,0
85,202501321,FormBasedXmlQueryDemo.java,0
86,2025032,CatalanStemmer.java,0
87,202501031,InvertedDocConsumerPerThread.java,0
88,202501371,FieldCacheTermsFilter.java,0
89,202501279,ResetSystemSoftTask.java,0
90,202501679,FrenchLightStemmer.java,0
91,20250579,TestMergeSchedulerExternal.java,0
92,202501134,SpanFirstBuilder.java,0
93,20250369,TestPhrasePrefixQuery.java,0
94,202501686,SpanishLightStemFilter.java,0
95,20250252,SweetSpotSimilarityTest.java,0
96,20250245,RSLPStemmerBase.java,0
97,202501114,Attribute.java,0
98,202501459,FormatPostingsDocsConsumer.java,0
99,20250786,FormatPostingsDocsWriter.java,0
100,202501211,DefaultSkipListReader.java,0
101,202501191,TermEnum.java,0
102,2025059,DistanceUnits.java,0
103,20250630,TestQueryParser.java,0
104,2025069,ScoreOrderFragmentsBuilderTest.java,0
105,20250221,TestSetOnce.java,0
106,202501338,ScoreOrderFragmentsBuilder.java,0
107,20250931,DistanceFieldComparatorSource.java,0
108,20250611,TestItalianAnalyzer.java,0
109,202501660,DictionaryCompoundWordTokenFilter.java,0
110,202501372,RangeQueryNode.java,0
111,20250781,TestCrash.java,0
112,202501242,FreqProxTermsWriterPerThread.java,0
113,202501166,LLRect.java,0
114,20250475,TestBooleanQuery.java,0
115,202501081,SyntaxParser.java,0
116,202501500,ShortFieldSource.java,0
117,202501232,PrefixFilter.java,0
118,20250719,LookupBenchmarkTest.java,0
119,2025078,SpanishAnalyzer.java,0
120,202501158,LockFactory.java,0
121,20250454,TestParallelReader.java,0
122,20250811,KStemData7.java,0
123,202501217,MultiLevelSkipListReader.java,0
124,202501322,NoChildOptimizationQueryNodeProcessor.java,0
125,202501205,LockStressTest.java,0
126,202501289,MatchAllDocsQueryNodeProcessor.java,0
127,20250942,TestTermScorer.java,0
128,20250641,InstantiatedIndexWriter.java,0
129,20250466,TestCartesian.java,0
130,20250995,TestWildcard.java,0
131,20250173,RussianLetterTokenizer.java,0
132,202501251,TestLock.java,0
133,20250299,LocaleAttributeImpl.java,0
134,20250424,CollationKeyFilter.java,0
135,20250824,NoOutputs.java,0
136,20250749,BytesRef.java,0
137,20250124,PrecedenceQueryParser.java,0
138,20250539,TestPortugueseLightStemFilter.java,0
139,20250260,ReaderUtil.java,0
140,20250654,SpellChecker.java,0
141,202501263,TokenizedPhraseQueryNode.java,0
142,20250420,TestSimpleExplanations.java,0
143,202501576,DistanceSubQuery.java,0
144,20250189,DocumentsWriterThreadState.java,0
145,20250957,BitUtil.java,0
146,202501627,WikipediaTokenizer.java,0
147,20250994,MultiTermQuery.java,0
148,20250497,LatvianStemFilter.java,0
149,20250272,QueryTreeBuilder.java,0
150,20250162,SuggestWordFrequencyComparator.java,0
151,202501110,FieldDateResolutionMapAttribute.java,0
152,202501259,QueryNodeException.java,0
153,20250731,JaspellLookup.java,0
154,20250429,Benchmark.java,0
155,202501446,SimpleStringInterner.java,0
156,202501224,BufferedIndexOutput.java,0
157,20250833,TestIndexWriterOnDiskFull.java,0
158,2025073,NorwegianAnalyzer.java,0
159,20250109,NLS.java,0
160,20250271,MultiTermRewriteMethodAttribute.java,0
161,20250490,DocMakerTest.java,0
162,20250353,PayloadProcessorProvider.java,0
163,20250238,DocConsumer.java,0
164,20250883,TestThreadSafe.java,0
165,20250955,QueryUtils.java,0
166,202501514,TestPersianNormalizationFilter.java,0
167,202501637,HindiStemFilter.java,0
168,2025051,TestFieldInfos.java,0
169,202501335,QueryData.java,0
170,2025076,BulgarianAnalyzer.java,0
171,20250213,TestNoMergeScheduler.java,0
172,20250985,TestIndexReaderReopen.java,0
173,20250426,WindowsDirectory.java,0
174,202501281,TokenTypeSinkFilter.java,0
175,20250531,GreekAnalyzerTest.java,0
176,20250522,TestClassicAnalyzer.java,0
177,20250123,QueryNodeProcessorPipeline.java,0
178,20250248,GalicianStemmer.java,0
179,20250304,DisjunctionSumScorer.java,0
180,202501585,ICUTransformFilter.java,0
181,202501662,IndexTimeSynonymTest.java,0
182,202501146,SpanBuilderBase.java,0
183,20250398,_TestHelper.java,0
184,20250893,BaseTestRangeFilter.java,0
185,20250340,LongToEnglishQueryMaker.java,0
186,20250647,LikeThisQueryBuilder.java,0
187,202501473,DummyConcurrentLock.java,0
188,202501470,Spans.java,0
189,202501621,CachingWrapperFilterHelper.java,0
190,20250859,TestNumericUtils.java,0
191,20250354,MultiCollector.java,0
192,20250377,TestQueryWrapperFilter.java,0
193,2025067,DistanceUtilsTest.java,0
194,202501270,SimpleQueryMaker.java,0
195,20250240,StoredFieldsWriter.java,0
196,20250141,SpanFirstQuery.java,0
197,202501277,PhraseSlopQueryNode.java,0
198,202501213,NearSpansUnordered.java,0
199,20250542,TestSmartChineseAnalyzer.java,0
200,20250580,TestPayloadTermQuery.java,0
201,20250536,TestUAX29URLEmailTokenizer.java,0
202,20250697,ReusableAnalyzerBase.java,0
203,20250696,DateRecognizerSinkTokenizerTest.java,0
204,20250402,UAX29URLEmailTokenizer.java,0
205,202501196,TokenMgrError.java,0
206,20250838,TestIndexFileDeleter.java,0
207,202501354,Dictionary.java,0
208,20250683,TokenTypeSinkTokenizerTest.java,0
209,20250184,TestQualityRun.java,0
210,202501157,SpanNotBuilder.java,0
211,20250483,TestLazyProxSkipping.java,0
212,202501393,WeightedSpanTerm.java,0
213,20250868,TestPriorityQueue.java,0
214,202501021,LucenePackage.java,0
215,202501462,FormatPostingsTermsConsumer.java,0
216,202501100,GroupQueryNodeBuilder.java,0
217,202501201,Trec1MQReader.java,0
218,202501303,StandardQueryTreeBuilder.java,0
219,20250431,TrecContentSourceTest.java,0
220,202501653,TestMultiAnalyzerQPHelper.java,0
221,20250763,FSTEnum.java,0
222,202501561,Format.java,0
223,20250624,TestExtendableQueryParser.java,0
224,20250325,SegmentTermDocs.java,0
225,202501002,CorruptIndexException.java,0
226,20250785,TestIndexWriterWithThreads.java,0
227,20250941,QueryWrapperFilter.java,0
228,202501119,WildcardQueryNodeBuilder.java,0
229,202501445,BigramDictionary.java,0
230,20250443,TestComplexPhraseQuery.java,0
231,20250593,TestParser.java,0
232,202501009,QualityQueryParser.java,0
233,20250489,TestFileSwitchDirectory.java,0
234,202501296,AnyQueryNode.java,0
235,202501159,Vector2D.java,0
236,20250386,TestPayloadSpans.java,0
237,20250437,ContentSource.java,0
238,202501474,FieldCacheSource.java,0
239,20250714,MockTokenizer.java,0
240,20250594,TestCachingWrapperFilter.java,0
241,20250262,FieldInvertState.java,0
242,202501109,PhraseQueryNodeBuilder.java,0
243,20250586,TestFilteredQuery.java,0
244,202501556,TestArabicStemFilter.java,0
245,20250170,SnowballAnalyzer.java,0
246,202501482,QueryDriver.java,0
247,20250298,LowercaseExpandedTermsAttributeImpl.java,0
248,20250674,TestSwedishLightStemFilter.java,0
249,2025044,TestCharArrayMap.java,0
250,20250564,TestRealTime.java,0
251,20250911,TestTermVectorsReader.java,0
252,202501288,RepSumByNameTask.java,0
253,202501513,TestStemmerOverrideFilter.java,0
254,20250740,TestCompoundFile.java,0
255,20250778,DocInverter.java,0
256,20250926,RandomIndexWriter.java,0
257,202501395,TextFragment.java,0
258,20250433,LicenseType.java,0
259,202501559,JakartaRegexpCapabilities.java,0
260,20250175,GermanAnalyzer.java,0
261,20250705,SloppyPhraseScorer.java,0
262,20250936,FieldDoc.java,0
263,20250588,FreqProxFieldMergeState.java,0
264,20250996,WildcardQuery.java,0
265,202501073,QueryNodeProcessorImpl.java,0
266,20250199,DirContentSource.java,0
267,2025015,MultiFieldQueryParser.java,0
268,202501483,FuzzyQuery.java,0
269,20250603,TestTimeLimitingCollector.java,0
270,20250791,MockIndexInputWrapper.java,0
271,202501579,ComposedQuery.java,0
272,20250820,TermFirstPassGroupingCollector.java,0
273,20250355,SimpleFSLockFactory.java,0
274,202501496,CharArrayMap.java,0
275,20250301,MultiTermRewriteMethodAttributeImpl.java,0
276,20250200,PerfTask.java,0
277,20250635,TermsFilterBuilder.java,0
278,202501078,SpansValidatorQueryNodeProcessor.java,0
279,20250409,TestShingleMatrixFilter.java,0
280,202501605,CharArrayIterator.java,0
281,20250673,TestPrefixAndSuffixAwareTokenFilter.java,0
282,202501383,ParserExtension.java,0
283,202501083,IntegerEncoder.java,0
284,202501493,DocValues.java,0
285,2025056,TestPerfTasksParse.java,0
286,20250708,RAMDirectory.java,0
287,2025043,TestCharTokenizers.java,0
288,20250100,InstantiatedTerm.java,0
289,20250275,LogDocMergePolicy.java,0
290,202501298,AndQueryNode.java,0
291,20250101,TrecJudge.java,0
292,202501378,TestSimpleExplanationsOfNonMatches.java,0
293,20250107,WordBreakTestUnicode_6_0_0.java,0
294,202501447,ChecksumIndexOutput.java,0
295,20250494,FieldInfo.java,0
296,20250970,UpgradeIndexMergePolicy.java,0
297,202501503,JaroWinklerDistance.java,0
298,202501128,AbstractEncoder.java,0
299,20250374,TestBooleanOr.java,0
300,20250865,TestStressIndexing2.java,0
301,202501005,FileUtils.java,0
302,20250128,CompoundWordTokenFilterBase.java,0
303,20250370,ChainedFilterTest.java,0
304,20250907,FSTLookup.java,0
305,202501138,ParserException.java,0
306,20250842,MockIndexOutputWrapper.java,0
307,20250385,TestRegexQuery.java,0
308,202501639,TestMultiAnalyzerWrapper.java,0
309,202501404,NormalizeCharMap.java,0
310,202501359,RollbackIndexTask.java,0
311,20250534,TestEnglishAnalyzer.java,0
312,20250468,TestDirectoryReader.java,0
313,20250436,StreamUtils.java,0
314,202501137,ConstantScoreQueryBuilder.java,0
315,20250617,TestTermRangeQuery.java,0
316,202501131,Geometry2D.java,0
317,202501574,SrndBooleanQuery.java,0
318,202501229,PositionIncrementAttributeImpl.java,0
319,202501407,PerfRunData.java,0
320,20250771,FormatPostingsTermsWriter.java,0
321,20250486,TestNoDeletionPolicy.java,0
322,20250356,IndexNotFoundException.java,0
323,202501677,TestRussianStem.java,0
324,20250227,TestGeoHashUtils.java,0
325,20250232,ScoringRewrite.java,0
326,20250726,Average.java,0
327,202501449,Collector.java,0
328,202501261,LowercaseExpandedTermsQueryNodeProcessor.java,0
329,20250163,TestPlainTextDictionary.java,0
330,20250517,TestFinnishAnalyzer.java,0
331,202501287,WildcardQueryNodeProcessor.java,0
332,20250267,StringUtils.java,0
333,20250148,ArmenianAnalyzer.java,0
334,20250384,TestFieldCacheTermsFilter.java,0
335,20250759,Util.java,0
336,202501391,InstantiatedAllTermDocs.java,0
337,202501341,DefaultPhraseSlopQueryNodeProcessor.java,0
338,20250307,DisjunctionMaxQuery.java,0
339,20250193,ReadTokensTask.java,0
340,20250310,ReqExclScorer.java,0
341,20250614,OffsetLimitTokenFilterTest.java,0
342,2025063,LatLongDistanceFilter.java,0
343,20250847,DateTools.java,0
344,202501689,FrenchMinimalStemmer.java,0
345,202501094,BooleanModifierNode.java,0
346,20250715,SegmentCoreReaders.java,0
347,202501382,PositionBasedTermVectorMapper.java,0
348,202501452,PayloadSpanUtil.java,0
349,20250945,Searcher.java,0
350,20250487,TestCheckIndex.java,0
351,202501325,Hyphen.java,0
352,20250219,TestNumericRangeFilterBuilder.java,0
353,20250592,TestIsCurrent.java,0
354,20250287,DateResolutionAttributeImpl.java,0
355,202501431,NorwegianStemmer.java,0
356,202501367,CloseReaderTask.java,0
357,20250412,TestHtmlParser.java,0
358,20250364,CzechAnalyzer.java,0
359,20250558,OffsetLimitTokenFilter.java,0
360,20250485,MockVariableLengthPayloadFilter.java,0
361,202501273,RegexTermEnum.java,0
362,202501441,FieldQuery.java,0
363,202501226,TermRangeTermEnum.java,0
364,202501420,PortugueseStemmer.java,0
365,20250769,FreqProxTermsWriter.java,0
366,202501042,OpenBitSetDISI.java,0
367,202501253,TestSpanExplanationsOfNonMatches.java,0
368,202501001,Formatter.java,0
369,202501219,DefaultSkipListWriter.java,0
370,202501297,PhraseSlopQueryNodeProcessor.java,0
371,20250948,FieldMaskingSpanQuery.java,0
372,202501333,CountingSearchTestTask.java,0
373,20250555,TrecDocParser.java,0
374,20250419,SmallFloat.java,0
375,20250897,TermInfosReader.java,0
376,20250919,TestNRTThreads.java,0
377,202501361,DeleteByPercentTask.java,0
378,202501316,ModifierQueryNode.java,0
379,20250953,Query.java,0
380,20250727,FileDictionary.java,0
381,202501127,FieldConfigListener.java,0
382,20250278,GalicianAnalyzer.java,0
383,202501485,MatchAllDocsQueryNode.java,0
384,202501563,NoDeletionPolicy.java,0
385,202501692,ArabicStemmer.java,0
386,202501075,NLSException.java,0
387,20250237,DocFieldConsumer.java,0
388,202501548,DocInverterPerThread.java,0
389,202501414,OpenBitSetIterator.java,0
390,202501636,DelimitedPayloadTokenFilter.java,0
391,202501650,NumericPayloadTokenFilter.java,0
392,202501499,QueryMaker.java,0
393,202501262,MultiTermRewriteMethodProcessor.java,0
394,20250209,ReportTask.java,0
395,202501012,LockVerifyServer.java,0
396,202501329,BooleanQueryNode.java,0
397,20250849,NRTCachingDirectory.java,0
398,2025058,BooleanQueryTst.java,0
399,20250455,TestEmptyIndex.java,0
400,20250561,AltPackageTaskTest.java,0
401,20250902,TestIndexSplitter.java,0
402,202501344,SpanNearBuilder.java,0
403,20250366,CJKAnalyzer.java,0
404,20250533,TestAnalyzers.java,0
405,20250357,NoMergeScheduler.java,0
406,202501379,TestSpanExplanations.java,0
407,202501366,UpdateDocTask.java,0
408,202501541,TermAttribute.java,0
409,202501525,StopAnalyzer.java,0
410,202501182,QueryNodeParseException.java,0
411,20250293,FieldDateResolutionMapAttributeImpl.java,0
412,20250605,NumericField.java,0
413,202501330,QualityQueriesFinder.java,0
414,20250587,TestMatchAllDocsQuery.java,0
415,202501017,HyphenationException.java,0
416,20250869,TestTransactions.java,0
417,20250954,MultiSearcher.java,0
418,20250234,TestNoMergePolicy.java,0
419,20250595,LineFileDocs.java,0
420,202501408,NewLocaleTask.java,0
421,20250197,DocMaker.java,0
422,20250821,TermAllGroupsCollector.java,0
423,20250499,WeightedSpanTermExtractor.java,0
424,202501422,German2Stemmer.java,0
425,2025081,ClassicTokenizer.java,0
426,202501589,MultiTrie.java,0
427,202501433,LovinsStemmer.java,0
428,202501307,GroupQueryNode.java,0
429,20250914,FSDirectory.java,0
430,20250383,TestTopScoreDocCollector.java,0
431,20250111,QueryParserWrapper.java,0
432,202501615,GreekStemFilter.java,0
433,202501072,UniqueFieldAttribute.java,0
434,202501430,KpStemmer.java,0
435,202501063,FragListBuilder.java,0
436,202501428,SpanishStemmer.java,0
437,20250896,TestIndexWriterReader.java,0
438,20250806,KStemData2.java,0
439,202501658,WikipediaTokenizerTest.java,0
440,20250311,ReqOptSumScorer.java,0
441,202501260,ReutersQueryMaker.java,0
442,202501480,EmptyTokenStream.java,0
443,20250547,TestThaiAnalyzer.java,0
444,202501126,Weight.java,0
445,202501302,DeletedQueryNode.java,0
446,20250589,SegmentWriteState.java,0
447,202501258,SearchTravTask.java,0
448,20250482,TestDateSort.java,0
449,202501510,Parameter.java,0
450,202501684,RussianLightStemmer.java,0
451,202501164,LineSegment.java,0
452,202501357,LuceneDictionary.java,0
453,202501642,ArabicStemFilter.java,0
454,20250498,LatvianAnalyzer.java,0
455,202501629,CJKTokenizer.java,0
456,20250638,SynLookup.java,0
457,202501309,WildcardQueryNode.java,0
458,20250890,TestCustomSearcherSort.java,0
459,20250664,TestBulgarianStemmer.java,0
460,20250836,TestIndexWriterMerging.java,0
461,20250840,TestIndexWriterExceptions.java,0
462,20250944,TestDisjunctionMaxQuery.java,0
463,20250328,SinusoidalProjectorTest.java,0
464,20250255,TestMultiSearcher.java,0
465,20250756,CodecUtil.java,0
466,20250323,FilterIndexReader.java,0
467,202501236,Explanation.java,0
468,20250559,TrecFBISParser.java,0
469,20250686,TestTurkishLowerCaseFilter.java,0
470,20250990,TestMultiLevelSkipList.java,0
471,20250885,TestScorerPerf.java,0
472,20250633,TestMultiTermConstantScore.java,0
473,20250177,TopScoreDocCollector.java,0
474,202501602,CompositeBreakIterator.java,0
475,202501596,Gener.java,0
476,202501587,TestCompile.java,0
477,2025086,StandardAnalyzer.java,0
478,20250908,OutputStreamDataOutput.java,0
479,202501198,TestVersion.java,0
480,202501607,TestCharArrayIterator.java,0
481,20250368,TestBooleanScorer.java,0
482,202501688,EnglishMinimalStemFilter.java,0
483,202501076,QueryNodeOperation.java,0
484,20250266,FieldDateResolutionFCListener.java,0
485,20250288,ScriptAttributeImpl.java,0
486,202501680,HungarianLightStemFilter.java,0
487,20250361,DoubleBarrelLRUCache.java,0
488,2025054,TestTermAttributeImpl.java,0
489,202501252,SingleDocTestFilter.java,0
490,202501278,OptimizeTask.java,0
491,20250992,OpenBitSet.java,0
492,20250655,DocIdSetIterator.java,0
493,202501463,SegToken.java,0
494,20250526,TestKeywordAnalyzer.java,0
495,20250909,InputStreamDataInput.java,0
496,20250222,HyphenationCompoundWordTokenFilter.java,0
497,20250113,StandardQueryParser.java,0
498,202501170,GroupQueryNodeProcessor.java,0
499,20250846,TestPayloadNearQuery.java,0
500,202501552,KeywordAnalyzer.java,0
501,20250501,TestRAMDirectory.java,0
502,20250174,ChineseAnalyzer.java,0
503,20250565,TestCollationKeyAnalyzer.java,0
504,20250658,NIOFSDirectory.java,0
505,202501416,WordlistLoader.java,0
506,202501328,SingleDocSource.java,0
507,2025018,FragmentsBuilder.java,0
508,20250427,PriorityQueue.java,0
509,202501142,CorePlusExtensionsParser.java,0
510,20250286,TestToken.java,0
511,202501349,IndexDeletionPolicy.java,0
512,20250432,DependencyChecker.java,0
513,202501286,AddDocTask.java,0
514,202501313,ProximityQueryNode.java,0
515,2025031,BasqueStemmer.java,0
516,20250951,CustomScoreQuery.java,0
517,20250716,SegmentNorms.java,0
518,20250215,TermCollectingRewrite.java,0
519,20250747,RAMOutputStream.java,0
520,20250327,TestDistanceUnits.java,0
521,202501543,StandardSyntaxParserTokenManager.java,0
522,20250556,TrecFTParser.java,0
523,20250988,CheckIndex.java,0
524,20250342,StopFilter.java,0
525,20250147,HungarianLightStemmer.java,0
526,20250363,LengthFilter.java,0
527,2025083,ThaiAnalyzer.java,0
528,2025048,NGramTokenizerTest.java,0
529,20250472,TestNRTReaderWithThreads.java,0
530,20250155,TestISOLatin1AccentFilter.java,0
531,202501006,SegmentTermPositionVector.java,0
532,202501194,Token.java,0
533,202501413,CharFilter.java,0
534,202501388,IdentityEncoder.java,0
535,20250504,TestDirectory.java,0
536,20250179,TestCollationKeyFilter.java,0
537,202501634,PositionFilterTest.java,0
538,202501696,SpanishLightStemmer.java,0
539,20250632,TestMaxTermFrequency.java,0
540,20250532,TestCzechAnalyzer.java,0
541,20250349,SpanPayloadCheckQuery.java,0
542,202501181,BooleanQueryNodeBuilder.java,0
543,202501661,ReverseStringFilter.java,0
544,20250678,TestHungarianLightStemFilter.java,0
545,20250812,OpenStringBuilder.java,0
546,20250728,TermFreqArrayIterator.java,0
547,20250784,TermsHashPerField.java,0
548,20250244,PortugueseMinimalStemmer.java,0
549,202501254,MockFilter.java,0
550,20250313,BooleanScorer.java,0
551,20250439,TrecContentSource.java,0
552,202501608,ICUTokenizerConfig.java,0
553,20250672,TestPorterStemFilter.java,0
554,20250309,BooleanScorer2.java,0
555,20250434,WriteLineDocTaskTest.java,0
556,20250373,TestConstantScoreQuery.java,0
557,20250704,TestLengthFilter.java,0
558,20250181,ArabicAnalyzer.java,0
559,20250623,DocHelper.java,0
560,202501403,MappingCharFilter.java,0
561,202501143,TermFreqVector.java,0
562,202501557,CollationKeyAnalyzer.java,0
563,20250297,AnalyzerAttributeImpl.java,0
564,202501644,TestSingleTokenTokenFilter.java,0
565,20250465,TestSegmentTermEnum.java,0
566,202501115,FloatEncoder.java,0
567,20250863,TestFieldScoreQuery.java,0
568,20250380,TestPrefixFilter.java,0
569,20250904,TestTwoPhaseCommitTool.java,0
570,20250126,PrecedenceQueryNodeProcessorPipeline.java,0
571,202501631,SnowballFilter.java,0
572,20250602,ReversePathHierarchyTokenizer.java,0
573,20250358,NativeFSLockFactory.java,0
574,202501377,TestComplexExplanationsOfNonMatches.java,0
575,20250210,RepSelectByPrefTask.java,0
576,20250140,Test02Boolean.java,0
577,202501222,FieldCacheRangeFilter.java,0
578,202501139,Ellipse.java,0
579,20250802,SegmentReader.java,0
580,202501342,SpanOrBuilder.java,0
581,20250848,TokenSources.java,0
582,202501432,GermanStemmer.java,0
583,202501089,MultiFieldAttribute.java,0
584,20250621,TestTermVectors.java,0
585,20250684,TokenOffsetPayloadTokenFilterTest.java,0
586,2025010,PortugueseLightStemmer.java,0
587,20250892,TestNumericRangeQuery32.java,0
588,20250283,AllowLeadingWildcardAttributeImpl.java,0
589,20250292,FuzzyAttributeImpl.java,0
590,202501066,PositionIncrementAttribute.java,0
591,20250618,TestPayloadProcessorProvider.java,0
592,20250129,IndexableBinaryStringTools.java,0
593,20250324,MapBackedSet.java,0
594,202501465,MapOfSets.java,0
595,20250606,FieldsReader.java,0
596,20250760,IndexOutput.java,0
597,20250622,HighlighterTest.java,0
598,202501392,AllTermDocs.java,0
599,20250813,KStemData1.java,0
600,20250158,TestSnowball.java,0
601,20250710,Directory.java,0
602,20250520,TestSpanishAnalyzer.java,0
603,202501215,SegmentMergeQueue.java,0
604,20250601,TestReversePathHierarchyTokenizer.java,0
605,20250196,TimeData.java,0
606,202501401,PerfTaskTest.java,0
607,20250745,Constants.java,0
608,20250414,HTMLParserTokenManager.java,0
609,2025096,HHMMSegmenter.java,0
610,202501246,FieldSortedTermVectorMapper.java,0
611,20250682,TestStopFilter.java,0
612,20250156,LowerCaseTokenizer.java,0
613,20250423,ICUCollationKeyFilter.java,0
614,202501538,CartesianPolyFilterBuilder.java,0
615,20250481,TestSpellChecker.java,0
616,202501619,CachingSpanFilter.java,0
617,20250768,PairOutputs.java,0
618,20250796,TermVectorsWriter.java,0
619,202501113,FastCharStream.java,0
620,20250451,TestDemo.java,0
621,20250969,PKIndexSplitter.java,0
622,20250178,TestICUCollationKeyFilter.java,0
623,20250393,GeoHashUtils.java,0
624,20250582,TestSearch.java,0
625,202501456,PathNode.java,0
626,20250790,SegmentMerger.java,0
627,202501402,ComplexPhraseQueryParser.java,0
628,20250748,UnicodeUtil.java,0
629,202501645,TurkishLowerCaseFilter.java,0
630,20250709,FileSwitchDirectory.java,0
631,202501562,LongToEnglishContentSource.java,0
632,20250142,StempelStemmer.java,0
633,202501521,AverageGuessMemoryModel.java,0
634,20250979,SegmentInfo.java,0
635,202501026,DocFieldProcessorPerField.java,0
636,20250640,AnalyzingQueryParser.java,0
637,20250921,SlowMultiReaderWrapper.java,0
638,20250619,TestTermVectorsWriter.java,0
639,20250295,AttributeImpl.java,0
640,20250668,TestHindiNormalizer.java,0
641,202501610,IndonesianStemFilter.java,0
642,2025088,DanishAnalyzer.java,0
643,2025041,TestSerialization.java,0
644,202501638,PatternAnalyzer.java,0
645,20250131,ToStringUtils.java,0
646,20250822,AbstractAllGroupsCollector.java,0
647,20250711,BaseTokenStreamTestCase.java,0
648,20250814,TermFreqIterator.java,0
649,202501570,DistanceQueryBuilder.java,0
650,202501663,EdgeNGramTokenizer.java,0
651,20250164,SuggestWordScoreComparator.java,0
652,20250291,PositionIncrementsAttributeImpl.java,0
653,202501604,ScriptIterator.java,0
654,20250734,ExtractReuters.java,0
655,20250351,NearRealtimeReaderTask.java,0
656,20250575,PhraseQuery.java,0
657,202501539,KeywordTokenizer.java,0
658,202501597,Optimizer2.java,0
659,202501187,InstantiatedTermDocumentInformation.java,0
660,202501356,DuplicateFilter.java,0
661,202501177,MatchAllDocsQueryNodeBuilder.java,0
662,202501144,QualityBenchmark.java,0
663,20250462,SingleFieldTestDb.java,0
664,20250378,TestTopDocsCollector.java,0
665,20250334,PersianCharFilter.java,0
666,20250943,JustCompileSearch.java,0
667,202501495,InstantiatedDocument.java,0
668,202501291,FieldSetting.java,0
669,20250877,TestLongPostings.java,0
670,20250724,FSTLookupTest.java,0
671,202501572,SrndPrefixQuery.java,0
672,202501231,TermBuffer.java,0
673,20250329,TestAssertions.java,0
674,20250905,TwoPhaseCommitTool.java,0
675,20250319,InstantiatedIndexReader.java,0
676,202501304,ConsumeContentSourceTask.java,0
677,202501693,FinnishLightStemFilter.java,0
678,202501476,FlagsAttribute.java,0
679,20250167,RussianAnalyzer.java,0
680,2025012,QueryParserTokenManager.java,0
681,20250171,ChineseFilter.java,0
682,20250653,TestIndexWriterConfig.java,0
683,20250261,ParallelMultiSearcher.java,0
684,202501490,BoostingTermBuilder.java,0
685,202501199,FormatPostingsPositionsConsumer.java,0
686,20250676,TypeAsPayloadTokenFilterTest.java,0
687,20250259,TermQuery.java,0
688,20250993,TestSpanMultiTermQueryWrapper.java,0
689,20250138,TestBitVector.java,0
690,20250553,QueryNodeImpl.java,0
691,20250758,IntsRefFSTEnum.java,0
692,202501599,Compile.java,0
693,202501207,CachingTokenFilter.java,0
694,20250968,IndexWriter.java,0
695,20250562,TrecFR94Parser.java,0
696,20250139,Test03Distance.java,0
697,202501625,CharTokenizer.java,0
698,20250535,TestArabicAnalyzer.java,0
699,20250225,AveragePayloadFunction.java,0
700,20250413,Entities.java,0
701,20250326,TestGreekStemmer.java,0
702,20250878,TestSmallFloat.java,0
703,20250300,AttributeReflector.java,0
704,202501524,NoLockFactory.java,0
705,20250930,TestSort.java,0
706,202501580,ExceptionQueryTst.java,0
707,202501573,AndQuery.java,0
708,20250718,BufferingTermFreqIteratorWrapper.java,0
709,20250194,MemUsage.java,0
710,20250444,TestSimilarity.java,0
711,20250577,TestConcurrentMergeScheduler.java,0
712,20250507,TestBasqueAnalyzer.java,0
713,20250609,ItalianAnalyzer.java,0
714,20250949,ReadTask.java,0
715,202501515,LockObtainFailedException.java,0
716,202503,BulgarianStemmer.java,0
717,20250928,FieldDocSortedHitQueue.java,0
718,20250471,TestMultiFieldQueryParser.java,0
719,20250322,MultiReader.java,0
720,202505,FrenchLightStemFilter.java,0
721,20250223,PatternParser.java,0
722,20250551,TestICUTransformFilter.java,0
723,202501368,WaitTask.java,0
724,2025039,SpanScorer.java,0
725,20250546,ThaiWordFilter.java,0
726,20250243,TestGalicianStemFilter.java,0
727,20250136,SpanMultiTermQueryWrapper.java,0
728,202501491,FilteredDocIdSetIterator.java,0
729,202501340,RemoveDeletedQueryNodesProcessor.java,0
730,202501041,StringDistance.java,0
731,202501067,OffsetAttribute.java,0
732,202501257,OrQueryNode.java,0
733,202501208,SegmentTermPositions.java,0
734,20250937,TopDocs.java,0
735,202501546,JavaCharStream.java,0
736,20250585,TestDocBoost.java,0
737,202501498,TestCharArraySet.java,0
738,202501670,TestElision.java,0
739,20250665,PrefixAndSuffixAwareTokenFilter.java,0
740,202501656,CzechStemFilter.java,0
741,202501571,OrQuery.java,0
742,20250379,PayloadHelper.java,0
743,202501255,TestCharFilter.java,0
744,20250315,WaitForMergesTask.java,0
745,20250446,TestUnoptimizedReaderOnConstructor.java,0
746,20250922,TestElevationComparator.java,0
747,20250320,NumericUtils.java,0
748,202501007,Judge.java,0
749,20250823,AbstractSecondPassGroupingCollector.java,0
750,20250989,StringHelper.java,0
751,202501685,IndonesianStemmer.java,0
752,20250428,TestIndexInput.java,0
753,20250557,StreamUtilsTest.java,0
754,20250598,CreateIndexTask.java,0
755,202501664,GermanStemFilter.java,0
756,20250371,TestSpanFirstQuery.java,0
757,202501336,ResetSystemEraseTask.java,0
758,202501122,RangeQueryNodeBuilder.java,0
759,202501448,FieldScoreQuery.java,0
760,202501678,PortugueseMinimalStemFilter.java,0
761,20250228,TestIndexCommit.java,0
762,202501362,OpenReaderTask.java,0
763,202501013,SubmissionReport.java,0
764,202501133,MatchAllDocsQueryBuilder.java,0
765,20250850,TestNRTCachingDirectory.java,0
766,2025066,DistanceUtils.java,0
767,20250396,MockIndexInput.java,0
768,20250583,TestFilteredSearch.java,0
769,2025024,TestLevenshteinDistance.java,0
770,20250212,CreateIndexTaskTest.java,0
771,202501310,BoostQueryNode.java,0
772,20250973,TestIndexWriterOnJRECrash.java,0
773,20250540,TestSwedishAnalyzer.java,0
774,202501030,InvertedDocEndConsumerPerThread.java,0
775,20250843,TestIndexReaderOnDiskFull.java,0
776,2025085,SwedishAnalyzer.java,0
777,202501528,NGramDistance.java,0
778,20250273,QueryConfigHandler.java,0
779,202501105,FieldQueryNodeBuilder.java,0
780,202501691,HindiNormalizer.java,0
781,20250815,Lookup.java,0
782,202501530,SnowballProgram.java,0
783,20250634,HighlighterPhraseTest.java,0
784,202501405,CharReader.java,0
785,202501584,ICUFoldingFilter.java,0
786,202501168,FuzzyQueryNodeProcessor.java,0
787,20250509,TestBrazilianStemmer.java,0
788,20250274,LogByteSizeMergePolicy.java,0
789,20250947,TestGrouping.java,0
790,202501235,SpanQuery.java,0
791,20250365,DutchAnalyzer.java,0
792,202501373,Fieldable.java,0
793,20250626,TestSynonymTokenFilter.java,0
794,202502,VocabularyAssert.java,0
795,202506,GermanMinimalStemmer.java,0
796,20250312,DisjunctionMaxScorer.java,0
797,202501318,SlopQueryNode.java,0
798,20250817,HighFrequencyDictionary.java,0
799,20250669,TestReverseStringFilter.java,0
800,202501673,SimpleFragListBuilder.java,0
801,20250216,SearchWithCollectorTask.java,0
802,20250845,TestIndexWriterOptimize.java,0
803,2025027,Test01Exceptions.java,0
804,202501352,TermsFilter.java,0
805,20250529,TestGermanAnalyzer.java,0
806,202501553,TokenStream.java,0
807,202501648,TypeAsPayloadTokenFilter.java,0
808,20250642,QueryTermVector.java,0
809,20250935,TopGroups.java,0
810,20250722,SortedTermFreqIteratorWrapper.java,0
811,20250695,NumericPayloadTokenFilterTest.java,0
812,202501334,SpanGradientFormatter.java,0
813,20250628,AbstractTestCase.java,0
814,202507,PersianNormalizer.java,0
815,20250257,SweetSpotSimilarity.java,0
816,20250807,KStemData4.java,0
817,2025025,BoostingQueryTest.java,0
818,20250337,TermVectorsTermsWriterPerField.java,0
819,20250576,TestPerfTasksLogic.java,0
820,2025047,TestExtensions.java,0
821,20250106,SpanNearQuery.java,0
822,20250352,TopTermsRewrite.java,0
823,2025055,TestPositionBasedTermVectorMapper.java,0
824,202501400,EnwikiQueryMaker.java,0
825,20250214,SuggestWord.java,1
826,20250120,TestSpanQueryParserSimpleSample.java,0
827,202501079,MessagesTestBundle.java,0
828,20250910,FST.java,0
829,20250797,Version.java,0
830,2025072,FieldPhraseListTest.java,0
831,20250816,SortedIterator.java,0
832,202501468,CharacterUtils.java,0
833,20250971,TestPhraseQuery.java,0
834,20250891,TestCopyBytes.java,0
835,2025045,TestCachingTokenFilter.java,0
836,202501426,DanishStemmer.java,0
837,20250527,TestDanishAnalyzer.java,0
838,20250233,InvertedDocConsumer.java,0
839,20250984,ConcurrentMergeScheduler.java,0
840,202501248,PrefixTermEnum.java,0
841,202501284,RemoveEmptyNonLeafQueryNodeProcessor.java,0
842,20250991,TestOpenBitSet.java,0
843,20250537,TestHindiAnalyzer.java,0
844,202501099,AnyQueryNodeBuilder.java,0
845,202501285,FuzzyQueryNode.java,0
846,20250607,TestMultiSearcherRanking.java,0
847,20250469,TestDistance.java,0
848,202501018,ByteSliceWriter.java,0
849,20250792,IOUtils.java,0
850,202501442,SimpleAnalyzer.java,0
851,20250967,LogMergePolicy.java,0
852,202501116,PayloadEncoder.java,0
853,2025060,DistanceCheck.java,0
854,202501345,FilterBuilderFactory.java,0
855,2025092,TestNumericRangeQueryBuilder.java,0
856,20250670,ShingleAnalyzerWrapper.java,0
857,20250871,TestStressIndexing.java,0
858,202501618,IndexMergeTool.java,0
859,20250195,TestData.java,0
860,20250281,FieldBoostMapAttributeImpl.java,0
861,20250699,TestSpanishLightStemFilter.java,0
862,20250362,FSLockFactory.java,0
863,20250523,TestGalicianAnalyzer.java,0
864,202501015,InstantiatedTermPositionVector.java,0
865,202501481,BitVector.java,0
866,20250851,TestAddIndexes.java,0
867,20250182,TestArabicLetterTokenizer.java,0
868,202501163,FixedLatLng.java,0
869,202501450,CharType.java,0
870,20250110,FieldBoostMapAttribute.java,0
871,202501035,FilterClause.java,0
872,2025042,TestBinaryDocument.java,0
873,20250750,IntSequenceOutputs.java,0
874,20250125,BooleanModifiersQueryNodeProcessor.java,0
875,20250205,TaskStats.java,0
876,202501567,SrndTruncQuery.java,0
877,2025052,TestMultiReader.java,0
878,202501272,CloseIndexTask.java,0
879,20250549,TestICUNormalizer2Filter.java,0
880,2025068,ValueSourceQuery.java,0
881,202501200,QualityStats.java,0
882,20250511,TestDutchStemmer.java,0
883,202501319,MultiFieldQueryNodeProcessor.java,0
884,20250330,TestCharTermAttributeImpl.java,0
885,202501586,Trie.java,0
886,20250183,PersianAnalyzer.java,0
887,20250137,SpanOrQuery.java,0
888,20250800,TestFieldNormModifier.java,0
889,20250132,SnapshotDeletionPolicy.java,0
890,2025080,RomanianAnalyzer.java,0
891,202501370,Lock.java,0
892,20250105,ShingleFilterTest.java,0
893,202501314,UnescapedCharSequence.java,0
894,20250545,TestGermanStemFilter.java,0
895,202501223,ComplexExplanation.java,0
896,20250484,LineDocSourceTest.java,0
897,20250165,IndonesianAnalyzer.java,0
898,20250249,GenerateJFlexSupplementaryMacros.java,0
899,20250308,ScoreCachingWrappingScorer.java,0
900,20250927,FieldComparator.java,0
901,20250862,TestFieldMaskingSpanQuery.java,0
902,20250335,PayloadNearQuery.java,0
903,202501415,TestWordlistLoader.java,0
904,20250853,TestIndexableBinaryStringTools.java,0
905,2025097,SinusoidalProjector.java,0
906,20250946,TestNearSpansOrdered.java,0
907,202501674,ItalianLightStemFilter.java,0
908,20250741,SimpleFragListBuilderTest.java,0
909,202501080,Message.java,0
910,202501240,SerialMergeScheduler.java,0
911,20250425,TestLocaleMethods.java,0
912,20250102,StandardSyntaxParser.java,0
913,20250438,EnwikiContentSource.java,0
914,2025074,FinnishAnalyzer.java,0
915,202501519,FloatFieldSource.java,0
916,20250913,TestMultiMMap.java,0
917,202501008,DocNameExtractor.java,0
918,20250229,PolishAnalyzer.java,0
919,202501569,SpanNearClauseFactory.java,0
920,20250923,_TestUtil.java,0
921,20250303,TestAttributes.java,0
922,202501460,FormatPostingsFieldsConsumer.java,0
923,202501425,FinnishStemmer.java,0
924,202501381,TestCloseableThreadLocal.java,0
925,20250828,TestIndexWriterCommit.java,0
926,20250766,IndexFormatTooNewException.java,0
927,20250737,TestSegmentMerger.java,0
928,20250391,HTMLParser.java,0
929,20250236,InvertedDocEndConsumer.java,0
930,202501406,FieldPhraseList.java,0
931,20250268,TestAnalyzingQueryParser.java,0
932,20250306,ConjunctionScorer.java,0
933,202501136,BooleanQueryBuilder.java,0
934,202501455,SpanFilterResult.java,0
935,20250117,SearchTravRetVectorHighlightTask.java,0
936,202501369,ThreadInterruptedException.java,0
937,20250677,PrefixAwareTokenFilter.java,0
938,20250250,RAMInputStream.java,0
939,202501234,OffsetAttributeImpl.java,0
940,202501218,TermVectorEntry.java,0
941,2025071,FieldTermStackTest.java,0
942,2025094,WikipediaTokenizerImpl.java,0
943,202501348,Sort.java,0
944,2025033,ArmenianStemmer.java,0
945,20250803,RBBIRuleCompiler.java,0
946,202501243,PrefixQuery.java,0
947,202501683,PortugueseLightStemFilter.java,0
948,20250452,TestSegmentInfo.java,0
949,20250449,TestParallelTermEnum.java,0
950,20250775,FormatPostingsPositionsWriter.java,0
951,20250720,TermFreq.java,0
952,202501087,SlopQueryNodeBuilder.java,0
953,202501649,PersianNormalizationFilter.java,0
954,202500,FinnishLightStemmer.java,0
955,202501581,DistanceQuery.java,0
956,202501171,DOMUtils.java,0
957,2025077,PortugueseAnalyzer.java,0
958,2025084,TurkishAnalyzer.java,0
959,20250144,TestApp.java,0
960,2025082,HungarianAnalyzer.java,0
961,20250461,TestMultiThreadTermVectors.java,0
962,202501106,DateResolutionAttribute.java,0
963,20250680,TokenRangeSinkTokenizerTest.java,0
964,202501632,QueryTermScorer.java,0
965,202501216,SegmentTermVector.java,0
966,20250440,ArrayUtil.java,0
967,20250774,NormsWriter.java,0
968,20250873,TestIndexWriterUnicode.java,0
969,20250648,SimilarityQueries.java,0
970,20250866,TestIndexWriterDelete.java,0
971,202501534,TypeAttribute.java,0
972,20250982,BrazilianAnalyzer.java,0
973,202501101,DefaultOperatorAttribute.java,0
974,202501429,HungarianStemmer.java,0
975,202501266,AllowLeadingWildcardProcessor.java,0
976,20250408,ShingleMatrixFilter.java,0
977,202501472,SegTokenFilter.java,0
978,202501577,ChainedFilter.java,0
979,202501346,QueryBuilderFactory.java,0
980,20250104,DirectIOLinuxDirectory.java,0
981,20250613,IndexUpgrader.java,0
982,202501038,SpanQueryBuilder.java,0
983,202501037,QueryBuilder.java,0
984,20250692,QueryAutoStopWordAnalyzerTest.java,0
985,202501117,StandardSyntaxParserConstants.java,0
986,20250830,TestPrefixInBooleanQuery.java,0
987,202501294,RepSumByPrefRoundTask.java,0
988,202501111,LowercaseExpandedTermsAttribute.java,0
989,2025062,DistanceHandler.java,0
990,20250282,CharTermAttributeImpl.java,0
991,20250856,FunctionTestSetup.java,0
992,20250782,DocumentsWriter.java,0
993,202501151,FilteredQueryBuilder.java,0
994,20250239,TermsHashConsumer.java,0
995,20250224,TermsFilterTest.java,0
996,20250145,Tokenizer.java,0
997,202501583,ICUNormalizer2Filter.java,0
998,20250376,TestPrefixQuery.java,0
999,202501387,AbstractAllTermDocs.java,0
1000,202501275,LatLng.java,0
1001,202501271,OpaqueQueryNode.java,0
1002,20250251,DefaultSimilarity.java,0
1003,202501635,BulgarianStemFilter.java,0
1004,202501364,FlushReaderTask.java,0
1005,202501195,CharStream.java,0
1006,202509,HindiStemmer.java,0
1007,20250453,TestSpanQueryFilter.java,0
1008,202501312,RepSumByNameRoundTask.java,0
1009,202501084,StringInterner.java,0
1010,20250712,TestIndexReaderCloneNorms.java,0
1011,20250256,BooleanQuery.java,0
1012,20250886,TestPrefixRandom.java,0
1013,20250597,TestWordnet.java,0
1014,20250392,StringBuilderReader.java,0
1015,20250912,MMapDirectory.java,0
1016,20250929,SearchGroup.java,0
1017,202501454,SegTokenPair.java,0
1018,202501062,StoredFieldsWriterPerThread.java,0
1019,20250464,TestMultiPassIndexSplitter.java,0
1020,202501132,InvalidGeoException.java,0
1021,20250963,MergePolicy.java,0
1022,20250505,AttributeSource.java,0
1023,20250743,FieldFragList.java,0
1024,202501566,TooManyBasicQueries.java,0
1025,20250872,TestTieredMergePolicy.java,0
1026,20250735,PersistentSnapshotDeletionPolicy.java,0
1027,20250543,TestHungarianAnalyzer.java,0
1028,20250701,NGramTokenFilterTest.java,0
1029,202501186,TermRangeQuery.java,0
1030,202501172,SimpleHTMLFormatter.java,0
1031,202501039,InvertedDocConsumerPerField.java,0
1032,20250375,TestDocument.java,0
1033,20250671,TestHindiStemmer.java,0
1034,202501300,JavaUtilRegexCapabilities.java,0
1035,20250360,AbstractField.java,0
1036,20250972,TestFSTs.java,0
1037,20250787,TestLockFactory.java,0
1038,20250739,CompoundFileWriter.java,0
1039,202501043,InvalidTokenOffsetsException.java,0
1040,20250975,FrozenBufferedDeletes.java,0
1041,202501299,RegexQuery.java,0
1042,202501687,SwedishLightStemFilter.java,0
1043,202501268,FieldQueryNode.java,0
1044,202501444,ValueSource.java,0
1045,202501675,FrenchMinimalStemFilter.java,0
1046,20250889,TestArrayUtil.java,0
1047,2025079,GreekAnalyzer.java,0
1048,20250818,Builder.java,0
1049,202501104,LocaleAttribute.java,0
1050,20250675,DelimitedPayloadTokenFilterTest.java,0
1051,202501306,SetPropTask.java,0
1052,2025057,TestLaoBreakIterator.java,0
1053,20250133,IndexCommit.java,0
1054,20250938,ScoreDoc.java,0
1055,202501484,SimpleQQParser.java,0
1056,20250827,TestIndexReaderDelete.java,0
1057,20250508,TestNorwegianAnalyzer.java,0
1058,202501508,Points.java,0
1059,20250350,ReadOnlyDirectoryReader.java,0
1060,20250389,TestPositiveScoresOnlyCollector.java,0
1061,202501032,WeightedTerm.java,0
1062,20250898,SegmentTermEnum.java,0
1063,20250832,TestBackwardsCompatibility.java,0
1064,202501601,ICUTokenizer.java,0
1065,20250479,TestDocumentWriter.java,0
1066,202501190,MapFieldSelector.java,0
1067,20250656,TestPrecedenceQueryParser.java,0
1068,20250172,DutchStemFilter.java,0
1069,2025038,TermScorer.java,0
1070,20250717,UnsortedTermFreqIteratorWrapper.java,0
1071,2025090,SingleFragListBuilder.java,0
1072,202501641,RussianLowerCaseFilter.java,0
1073,20250879,TestMultiValuedNumericRangeQuery.java,0
1074,202501214,FilteredDocIdSet.java,0
1075,202501160,CartesianPoint.java,0
1076,202501659,TokenGroup.java,0
1077,20250503,TestDoc.java,0
1078,20250339,TotalHitCountCollector.java,0
1079,2025028,SuggestWordQueue.java,0
1080,202501129,IProjector.java,0
1081,202501676,GermanLightStemFilter.java,0
1082,20250950,IndexSearcher.java,0
1083,20250169,FrenchAnalyzer.java,0
1084,20250916,NRTManager.java,0
1085,20250495,SegGraph.java,0
1086,20250958,TestBitUtil.java,0
1087,202501040,NoSuchDirectoryException.java,0
1088,20250591,TestCachingSpanFilter.java,0
1089,20250754,ByteSequenceOutputs.java,0
1090,20250661,TestFinnishLightStemFilter.java,0
1091,20250235,IndexFileDeleter.java,0
1092,20250736,TestPersistentSnapshotDeletionPolicy.java,0
1093,202501249,VerifyingLockFactory.java,0
1094,202501386,InstantiatedTermDocs.java,0
1095,20250939,AssertingIndexSearcher.java,0
1096,202501091,BoostQueryNodeBuilder.java,0
1097,20250108,TestQueryTemplateManager.java,0
1098,202501315,BoostingQuery.java,0
1099,20250572,MultiPhraseQuery.java,0
1100,20250952,BufferedDeletesStream.java,0
1101,202501074,QueryParserMessages.java,0
1102,202501150,BoostingQueryBuilder.java,0
1103,202501230,BooleanClause.java,0
1104,20250888,TestNorms.java,0
1105,202501626,VirtualMethod.java,0
1106,20250854,MockAnalyzer.java,0
1107,20250738,IndexFileNames.java,0
1108,20250721,TSTLookup.java,0
1109,20250458,TestMultiFieldQPHelper.java,0
1110,20250265,ParametricRangeQueryNodeProcessor.java,0
1111,2025075,ClassicAnalyzer.java,0
1112,20250448,TestSegmentReader.java,0
1113,20250399,LuceneJUnitDividingSelector.java,0
1114,20250176,TopFieldCollector.java,0
1115,202501068,NullFragmenter.java,0
1116,202501479,TestRussianLetterTokenizer.java,0
1117,202501193,ParseException.java,0
1118,202501175,GradientFormatter.java,0
1119,20250599,PathHierarchyTokenizer.java,0
1120,2025061,GeoHashDistanceFilter.java,0
1121,20250876,TestPayloads.java,0
1122,202501547,TestPerFieldAnalzyerWrapper.java,0
1123,202501591,Row.java,0
1124,20250279,TestQueryTreeBuilder.java,0
1125,2025036,MinPayloadFunction.java,0
1126,20250666,TestItalianLightStemFilter.java,0
1127,202501531,RAMFile.java,0
1128,202501228,HitQueue.java,0
1129,20250983,FrenchStemFilter.java,0
1130,202501339,QuotedFieldQueryNode.java,0
1131,20250742,SingleFragListBuilderTest.java,0
1132,20250192,DocData.java,0
1133,20250924,BlockGroupingCollector.java,0
1134,20250460,TestNot.java,0
1135,20250679,TestGermanLightStemFilter.java,0
1136,20250764,IntsRef.java,0
1137,202501532,TestHugeRamFile.java,0
1138,20250732,MultiPassIndexSplitter.java,0
1139,20250416,DemoHTMLParser.java,0
1140,202501124,Encoder.java,0
1141,20250829,TestOmitTf.java,0
1142,20250620,BooleanFilterTest.java,0
1143,20250114,MultiFieldQueryParserWrapper.java,0
1144,20250421,CheckHits.java,0
1145,202501616,StandardTokenizerInterface.java,0
1146,20250974,TieredMergePolicy.java,0
1147,20250608,MergeDocIDRemapper.java,0
1148,202501623,LimitTokenCountAnalyzer.java,0
1149,2025089,QueryParser.java,0
1150,20250852,TestMockAnalyzer.java,0
1151,202501295,TermVectorAccessor.java,0
1152,202501622,CachingWrapperFilter.java,0
1153,20250757,IndexInput.java,0
1154,20250502,TestIndexWriterLockRelease.java,0
1155,2025011,TimeLimitingCollector.java,0
1156,20250400,DefaultICUTokenizerConfig.java,0
1157,20250285,BoostAttributeImpl.java,0
1158,202501092,RangeCollatorAttribute.java,0
1159,20250694,TestKeywordMarkerFilter.java,0
1160,202501550,ISOLatin1AccentFilter.java,0
1161,202501588,Cell.java,0
1162,20250693,TestCzechStemmer.java,0
1163,20250855,TestOrdValues.java,0
1164,20250159,MultiTermQueryWrapperFilter.java,0
1165,20250899,KStemFilter.java,0
1166,202501343,CachedFilterBuilder.java,0
1167,20250258,NormsWriterPerField.java,0
1168,20250336,TestDoubleBarrelLRUCache.java,0
1169,202501592,Diff.java,0
1170,202501065,PayloadAttribute.java,0
1171,20250519,TestTurkishAnalyzer.java,0
1172,202501023,LoadFirstFieldSelector.java,1
1173,20250772,TermsHash.java,0
1174,202501487,TestVirtualMethod.java,0
1175,20250765,PositiveIntOutputs.java,0
1176,202501247,TermSpans.java,0
1177,202501682,IndicNormalizer.java,0
1178,20250525,TestRussianAnalyzer.java,0
1179,2025022,TestRamUsageEstimator.java,0
1180,20250359,SetOnce.java,0
1181,202501506,TestArabicNormalizationFilter.java,0
1182,20250341,FilteringTokenFilter.java,0
1183,20250435,LineDocSource.java,0
1184,20250477,TestTransactionRollback.java,0
1185,20250218,TestCharacterUtils.java,0
1186,20250915,NRTManagerReopenThread.java,0
1187,202501360,ReopenReaderTask.java,0
1188,202501019,TestTerm.java,0
1189,202501652,NGramTokenizer.java,0
1190,2025093,NumericRangeQueryBuilder.java,0
1191,202501016,ByteVector.java,0
1192,202501096,AllowLeadingWildcardAttribute.java,0
1193,202501118,QueryParserHelper.java,0
1194,20250700,TestFrenchLightStemFilter.java,0
1195,202501520,Payload.java,0
1196,202501004,AlreadyClosedException.java,0
1197,20250153,BaseCharFilter.java,0
1198,202501125,TestEmptyTokenStream.java,0
1199,202501467,FieldComparatorSource.java,0
1200,20250793,ThrottledIndexOutput.java,0
1201,20250584,FuzzyLikeThisQueryTest.java,0
1202,20250707,DirectoryReader.java,0
1203,202501238,NormsWriterPerThread.java,0
1204,202501421,RomanianStemmer.java,0
1205,20250491,TestExplanations.java,0
1206,20250563,TrecParserByPath.java,0
1207,202501167,UniqueFieldQueryNodeProcessor.java,0
1208,202501145,SpanTermBuilder.java,0
1209,20250805,TestKStemmer.java,0
1210,20250516,TestArmenianAnalyzer.java,0
1211,20250637,FuzzyLikeThisQuery.java,0
1212,202501256,Shape.java,0
1213,202501516,PatternAnalyzerTest.java,0
1214,202501176,CartesianTierPlotter.java,0
1215,20250794,TermVectorsTermsWriter.java,0
1216,20250116,CommitIndexTask.java,0
1217,20250744,BaseFragmentsBuilder.java,0
1218,202501107,SpanOrQueryNodeBuilder.java,0
1219,20250834,TestParallelReaderEmptyIndex.java,0
1220,20250119,TestSpanQueryParser.java,0
1221,20250660,TestMappingCharFilter.java,0
1222,202501613,GreekStemmer.java,0
1223,20250639,SynExpand.java,0
1224,20250372,TestPositionIncrement.java,0
1225,20250269,FieldConfig.java,0
1226,20250659,EdgeNGramTokenFilterTest.java,0
1227,20250940,TestSpans.java,0
1228,20250826,TestSameTokenSamePosition.java,0
1229,20250870,TestStressAdvance.java,0
1230,2025046,TestTermdocPerf.java,0
1231,202501529,Among.java,0
1232,20250998,LuceneTestCase.java,0
1233,20250880,TestSearchWithThreads.java,0
1234,20250777,TermsHashPerThread.java,0
1235,202501245,TokenFilter.java,0
1236,202501697,CzechStemmer.java,0
1237,202504,GermanLightStemmer.java,0
1238,202501011,TermPositions.java,0
1239,202501469,FlagsAttributeImpl.java,0
1240,20250264,FieldBoostMapFCListener.java,0
1241,202501337,SearchTask.java,0
1242,202501551,CharTermAttribute.java,0
1243,20250447,TestFilterIndexReader.java,0
1244,202501010,TermVectorMapper.java,0
1245,202501103,ModifierQueryNodeBuilder.java,0
1246,20250841,TestThreadedOptimize.java,0
1247,202501518,HyphenationTree.java,0
1248,20250305,TestScoreCachingWrappingScorer.java,0
1249,202501365,DeleteDocTask.java,0
1250,20250314,BufferedIndexInput.java,0
1251,20250149,BasqueAnalyzer.java,0
1252,202501174,SimpleHTMLEncoder.java,0
1253,202501239,DocIdBitSet.java,0
1254,20250578,TestSpansAdvanced2.java,0
1255,2025050,EdgeNGramTokenizerTest.java,0
1256,202501640,DateRecognizerSinkFilter.java,0
1257,20250730,PersistenceTest.java,0
1258,20250837,TestIndexWriterMergePolicy.java,0
1259,202501141,Report.java,0
1260,202501192,TermDocs.java,0
1261,20250474,TestNewestSegment.java,0
1262,20250976,SearchWithSortTask.java,0
1263,20250657,SimpleFSDirectory.java,0
1264,20250403,StandardTokenizerImpl.java,0
1265,20250515,TestLatvianAnalyzer.java,0
1266,20250321,ParallelReader.java,0
1267,2025019,FuzzyTermEnum.java,0
1268,20250688,TestEnglishMinimalStemFilter.java,0
1269,2025035,MaxPayloadFunction.java,0
1270,20250906,CompoundFileReader.java,0
1271,20250831,Test2BTerms.java,0
1272,202501523,NewShingleAnalyzerTask.java,0
1273,20250411,SimpleCharStream.java,0
1274,20250925,SortField.java,0
1275,20250541,TestStandardAnalyzer.java,0
1276,20250762,DataOutput.java,0
1277,202501088,AnalyzerAttribute.java,0
1278,202501225,TermVectorsTermsWriterPerThread.java,0
1279,20250246,GalicianStemFilter.java,0
1280,202501153,NoMoreDataException.java,0
1281,20250788,SegmentMergeInfo.java,0
1282,20250493,FieldInfos.java,0
1283,20250154,CatalanAnalyzer.java,0
1284,20250966,BalancedSegmentMergePolicy.java,0
1285,20250857,TestCustomScoreQuery.java,0
1286,20250629,MemoryIndexTest.java,0
1287,20250689,TestLatvianStemmer.java,0
1288,20250573,SorterTemplate.java,0
1289,202501614,GreekLowerCaseFilter.java,0
1290,2025017,TopDocsCollector.java,0
1291,20250127,TokenStreamFromTermPositionVector.java,0
1292,202501305,ClearStatsTask.java,0
1293,202501669,TokenOffsetPayloadTokenFilter.java,0
1294,20250932,FieldValueHitQueue.java,0
1295,20250986,TestFieldsReader.java,0
1296,202501690,TestSnowballVocab.java,0
1297,20250191,TestParallelMultiSearcher.java,0
1298,202501165,Rectangle.java,0
1299,202501000,TermPositionVector.java,0
1300,202501412,SpanQueryFilter.java,0
1301,20250610,ElisionFilter.java,0
1302,20250180,ArabicLetterTokenizer.java,0
1303,20250302,UniqueFieldAttributeImpl.java,0
1304,20250500,QueryScorer.java,0
1305,202501458,WordType.java,0
1306,202501628,SentenceTokenizer.java,0
1307,202501397,NumberTools.java,0
1308,20250521,TestBulgarianAnalyzer.java,0
1309,202501095,FuzzyQueryNodeBuilder.java,0
1310,20250480,TestQueryTermVector.java,0
1311,20250157,LetterTokenizer.java,0
1312,202501269,SearchTravRetTask.java,0
1313,202501221,DocIdSet.java,0
1314,2025016,TestMultiAnalyzer.java,0
1315,202501098,FuzzyAttribute.java,0
1316,202501672,FieldSelectorResult.java,0
1317,20250550,TestICUTokenizer.java,0
1318,20250662,TestPrefixAwareTokenFilter.java,0
1319,202501384,Extensions.java,0
1320,202501027,InvertedDocEndConsumerPerField.java,0
1321,202501418,TurkishStemmer.java,0
1322,20250964,NoMergePolicy.java,0
1323,202501594,Reduce.java,0
1324,20250284,RangeCollatorAttributeImpl.java,0
1325,20250801,IndexReader.java,0
1326,202501385,ExtensionStub.java,0
1327,20250226,ExactPhraseScorer.java,0
1328,2025026,TestJakartaRegexpCapabilities.java,0
1329,202501504,ByteFieldSource.java,0
1330,20250441,CollectionUtil.java,0
1331,202501651,RussianStemFilter.java,0
1332,20250230,ConstantScoreQuery.java,0
1333,2025037,FilteredQuery.java,0
1334,20250753,DataInput.java,0
1335,202501071,QueryNodeProcessor.java,0
1336,20250473,TestFieldCacheRangeFilter.java,0
1337,202501443,WhitespaceAnalyzer.java,0
1338,202501668,BrazilianStemFilter.java,0
1339,20250691,ShingleAnalyzerWrapperTest.java,0
1340,202501560,TermsHashConsumerPerField.java,0
1341,20250643,AnalyzerQueryNodeProcessor.java,0
1342,202501497,AnalyzerUtil.java,0
1343,202501244,ByteSliceReader.java,0
1344,202501184,FieldSettings.java,0
1345,202501411,Filter.java,0
1346,202501326,ResetInputsTask.java,0
1347,202501544,LowerCaseFilter.java,0
1348,20250804,KStemData8.java,0
1349,20250160,TestDateTools.java,0
1350,20250961,TestPKIndexSplitter.java,0
1351,202501212,SpanNotQuery.java,0
1352,20250825,TermAllGroupsCollectorTest.java,0
1353,202501434,ItalianStemmer.java,0
1354,20250881,TestCollectionUtil.java,0
1355,20250917,TestIndexWriter.java,0
1356,20250152,ICUCollationKeyAnalyzer.java,0
1357,202501647,EdgeNGramTokenFilter.java,0
1358,20250513,TestIndonesianAnalyzer.java,0
1359,202501161,FloatLatLng.java,0
1360,202501276,NewAnalyzerTask.java,0
1361,202501419,FrenchStemmer.java,0
1362,20250103,TernaryTree.java,0
1363,20250590,BufferedDeletes.java,0
1364,202501502,CustomScoreProvider.java,0
1365,202501169,SimpleFragmenter.java,0
1366,2025053,TestConfig.java,0
1367,20250151,EnglishMinimalStemmer.java,0
1368,20250407,NumericTokenStream.java,0
1369,202501646,NGramTokenFilter.java,0
1370,20250208,TrecTopicsReader.java,0
1371,202501603,BreakIteratorWrapper.java,0
1372,202501148,BrazilianStemmer.java,0
1373,202501489,CharVector.java,0
1374,202508,ArabicNormalizer.java,0
1375,202501022,FieldReaderException.java,0
1376,202501578,SrndQuery.java,0
1377,202501086,BoostAttribute.java,0
1378,20250456,TestBasics.java,0
1379,20250254,FieldNormModifier.java,0
1380,202501353,KeepOnlyLastCommitDeletionPolicy.java,0
1381,20250900,KStemmer.java,0
1382,202501477,TestChineseTokenizer.java,0
1383,20250884,TestAtomicUpdate.java,0
1384,202501598,Lift.java,0
1385,20250627,TestHighFreqTerms.java,0
1386,20250346,SpanPositionRangeQuery.java,0
1387,202501471,WordSegmenter.java,0
1388,20250263,BoostQueryNodeProcessor.java,0
1389,202501347,SpanQueryBuilderFactory.java,0
1390,20250150,TestNumberTools.java,0
1391,20250476,TestFieldCacheSanityChecker.java,0
1392,20250644,MoreLikeThis.java,0
1393,202501681,SwedishLightStemmer.java,0
1394,202501595,Optimizer.java,0
1395,20250554,TrecLATimesParser.java,0
1396,20250933,AbstractFirstPassGroupingCollector.java,0
1397,20250492,TestTermVectorAccessor.java,0
1398,202501536,MergeScheduler.java,0
1399,202501197,TermRangeFilter.java,0
1400,202501633,PositionFilter.java,0
1401,20250406,NumericRangeFilter.java,0
1402,20250959,TestCachingCollector.java,0
1403,202501590,StempelFilter.java,0
1404,20250663,TestASCIIFoldingFilter.java,0
1405,202501399,BooleanFilter.java,0
1406,20250467,TestSetNorm.java,0
1407,202501375,TermInfo.java,0
1408,20250187,ByteBlockPool.java,0
1409,202501173,QueryParserUtil.java,0
1410,202501250,MessageImpl.java,0
1411,20250612,TokenSourcesTest.java,0
1412,20250143,EnglishPossessiveFilter.java,0
1413,20250755,IndexFormatTooOldException.java,0
1414,20250987,TestVersionComparator.java,0
1415,20250198,RepAllTask.java,0
1416,20250887,TestWildcardRandom.java,0
1417,20250280,OpenIndexTask.java,0
1418,20250294,DefaultOperatorAttributeImpl.java,0
1419,202501545,PerFieldAnalyzerWrapper.java,0
1420,20250404,StandardTokenizer.java,0
1421,20250122,StandardQueryNodeProcessorPipeline.java,0
1422,202501233,ReadOnlySegmentReader.java,0
1423,20250203,ExtractWikipedia.java,0
1424,20250839,HighFreqTerms.java,0
1425,20250247,StemmerUtil.java,0
1426,202501466,WordDictionary.java,0
1427,202501609,ScriptAttribute.java,0
1428,202501593,DiffIt.java,0
1429,202501179,StandardBooleanQueryNodeBuilder.java,0
1430,202501453,AnalyzerProfile.java,0
1431,20250387,TestComplexExplanations.java,0
1432,202501494,Hyphenation.java,0
1433,20250858,TestSearchForDuplicates.java,0
1434,20250220,TestDocValues.java,0
1435,20250645,TermsQueryBuilder.java,0
1436,202501,GermanMinimalStemFilter.java,0
1437,20250112,TestMultiFieldQueryParserWrapper.java,0
1438,20250702,TestTeeSinkTokenFilter.java,0
1439,202501620,FieldCacheSanityChecker.java,0
1440,20250956,TestTopDocsMerge.java,0
1441,202501488,SingleInstanceLockFactory.java,0
1442,202501437,CharBlockPool.java,0
1443,202501436,KeywordAttributeImpl.java,0
1444,202501317,SearchTravRetLoadFieldSelectorTask.java,0
1445,202501533,TypeAttributeImpl.java,0
1446,20250445,TestSpanRegexQuery.java,0
1447,202501162,Point2D.java,0
1448,202501282,NoTokenFoundQueryNode.java,0
1449,202501424,DutchStemmer.java,0
1450,20250667,QueryAutoStopWordAnalyzer.java,0
1451,202501554,WhitespaceTokenizer.java,0
1452,202501283,BooleanSingleChildOptimizationQueryNodeProcessor.java,0
1453,202501507,TeeSinkTokenFilter.java,0
1454,20250318,FieldCacheImpl.java,0
1455,20250652,IndexWriterConfig.java,0
1456,202501461,CloseableThreadLocal.java,0
1457,20250713,TestIndexReaderClone.java,0
1458,202501409,NewCollationAnalyzerTask.java,0
1459,202501308,ParametricQueryNode.java,0
1460,20250977,SearchWithSortTaskTest.java,0
1461,20250631,TestQPHelper.java,0
1462,20250636,MemoryIndex.java,0
1463,202501332,PathQueryNode.java,0
1464,202501427,EnglishStemmer.java,0
1465,202501435,KeywordAttribute.java,0
1466,202501274,SimpleSloppyPhraseQueryMaker.java,0
1467,202501655,StemmerOverrideFilter.java,0
1468,202501280,RepSumByPrefTask.java,0
1469,202501398,DateField.java,0
1470,202501380,JustCompileSearchSpans.java,0
1471,202501630,SingleTokenTokenStream.java,0
1472,202501565,SrndTermQuery.java,0
1473,20250799,TestLengthNormModifier.java,0
1474,20250649,Highlighter.java,0
1475,202501020,FieldSelector.java,0
1476,20250560,AltTestTask.java,0
1477,20250685,TestCompoundWordTokenFilter.java,0
1478,20250581,TestSpansAdvanced.java,0
1479,202501135,TextableQueryNode.java,0
1480,202501292,MatchNoDocsQueryNode.java,0
1481,202501209,PositiveScoresOnlyCollector.java,0
1482,20250528,TestRomanianAnalyzer.java,0
1483,202501085,PositionIncrementsAttribute.java,0
1484,20250544,TestPersianAnalyzer.java,0
1485,202501220,PayloadAttributeImpl.java,0
1486,20250752,Outputs.java,0
1487,202501568,FieldsQuery.java,0
1488,202501457,SmartChineseAnalyzer.java,0
1489,20250488,TestIndicesEquals.java,0
1490,2025095,MultiTrie2.java,0
1491,202501028,DocConsumerPerThread.java,0
1492,20250567,CollationTestBase.java,0
1493,202501290,NewRoundTask.java,0
1494,20250746,TestBufferedIndexInput.java,0
1495,20250867,TestRollingUpdates.java,0
1496,202501511,FieldCache.java,0
1497,20250895,TestSubScorerFreqs.java,0
1498,202501064,LevensteinDistance.java,0
1499,20250207,AbstractQueryMaker.java,0
1500,20250798,Field.java,0
1501,20250874,TestBoolean2.java,0
1502,20250401,ClassicTokenizerImpl.java,0
1503,20250770,MockLockFactoryWrapper.java,0
1504,202501558,HindiAnalyzer.java,0
1505,202501267,TokenRangeSinkFilter.java,0
1506,202501036,DefaultEncoder.java,1
1507,20250646,SpanOrTermsBuilder.java,0
1508,202501600,TestStemmer.java,0
1509,20250616,TestLuceneDictionary.java,0
1510,20250965,MockRandomMergePolicy.java,0
1511,20250729,TernaryTreeNode.java,0
1512,20250687,TestIndicNormalizer.java,0
1513,2025098,AbstractDictionary.java,0
1514,20250808,KStemData5.java,0
1515,20250410,Tags.java,0
1516,20250506,TestAttributeSource.java,0
1517,202501097,StandardQueryBuilder.java,0
1518,202501082,BenchmarkHighlighter.java,0
1519,20250934,GroupDocs.java,0
1520,20250783,TermInfosWriter.java,0
1521,20250201,ReutersContentSource.java,0
1522,20250134,TermAttributeImpl.java,0
1523,202501077,EscapeQuerySyntax.java,0
1524,2025040,MatchAllDocsQuery.java,0
1525,202501025,TermsHashConsumerPerThread.java,0
1526,20250231,ConstantScoreAutoRewrite.java,0
1527,202501540,ASCIIFoldingFilter.java,0
1528,20250381,TestDateFilter.java,0
1529,20250289,TestSimpleAttributeImpls.java,0
1530,20250422,Scorer.java,0
1531,20250394,SynonymMap.java,0
1532,20250596,TestDeletionPolicy.java,0
1533,202501549,TestNumericTokenStream.java,0
1534,202501188,TermVectorEntryFreqSortedComparator.java,0
1535,202501112,QueryParserConstants.java,0
1536,202501522,InstantiatedTermEnum.java,0
1537,20250651,Syns2Index.java,0
1538,202501178,EscapeQuerySyntaxImpl.java,0
1539,202501394,InstantiatedTermPositions.java,0
1540,20250524,TestPortugueseMinimalStemFilter.java,0
1541,2025064,Term.java,0
1542,2025014,ExtendableQueryParser.java,0
1543,202501206,PayloadTermQuery.java,0
1544,202501090,DefaultPhraseSlopAttribute.java,0
1545,20250496,LatvianStemmer.java,0
1546,20250382,TestDocIdSet.java,0
1547,20250188,ParallelPostingsArray.java,0
1548,20250767,NodeHash.java,0
1549,20250217,MultiCollectorTest.java,0
1550,20250795,DocFieldProcessorPerThread.java,0
1551,202501102,StandardBooleanQueryNode.java,0
1552,20250882,TestFieldCache.java,0
1553,20250338,FilterManager.java,0
1554,20250723,TSTAutocomplete.java,0
1555,20250296,DefaultPhraseSlopAttributeImpl.java,0
1556,202501024,DocFieldConsumerPerField.java,0
1557,202501301,WarmTask.java,0
1558,202501512,LockReleaseFailedException.java,0
1559,20250459,MockFixedLengthPayloadFilter.java,0
1560,202501694,RussianLightStemFilter.java,0
1561,20250819,TermSecondPassGroupingCollector.java,0
1562,20250270,SpansQueryConfigHandler.java,0
1563,202501003,StaleReaderException.java,0
1564,20250202,TaskSequence.java,0
1565,20250161,GetTermInfo.java,0
1566,202501606,LaoBreakIterator.java,0
1567,20250733,IndexSorter.java,0
1568,20250405,NumericRangeQuery.java,0
1569,20250706,TestMultiPhraseQuery.java,0
1570,202501527,CharArraySet.java,0
1571,202501155,MultiLevelSkipListWriter.java,0
1572,20250569,PhraseScorer.java,0
1573,202501440,TestSortedVIntList.java,0
1574,202501029,DocFieldConsumerPerThread.java,0
1575,202501033,RegexCapabilities.java,0
1576,202501438,PorterStemmer.java,0
1577,202501612,IntBlockPool.java,0
1578,202501130,IntersectCase.java,0
1579,20250206,TestRunData.java,0
1580,2025034,PayloadFunction.java,0
1581,20250779,FormatPostingsFieldsWriter.java,0
1582,20250512,TestPortugueseAnalyzer.java,0
1583,202501478,IndicTokenizer.java,0
1584,202501505,MemoryModel.java,0
1585,202501671,NativePosixUtil.java,0
1586,202501417,RussianStemmer.java,0
1587,2025091,NumericRangeFilterBuilder.java,0
1588,202501390,ExtensionQuery.java,0
1589,20250901,IndexSplitter.java,0
1590,20250568,PhrasePositions.java,0
1591,202501396,DistanceApproximation.java,0
1592,20250780,DocInverterPerField.java,0
1593,20250242,PortugueseStemFilter.java,0
1594,2025013,FieldQueryTest.java,0
1595,20250316,OrdFieldSource.java,0
1596,20250604,Document.java,0
1597,20250390,TrecGov2Parser.java,0
1598,202501323,MultiPhraseQueryNode.java,0
1599,20250166,ChineseTokenizer.java,0
1600,2025020,TestNGramDistance.java,0
1601,20250650,SentinelIntSet.java,0
1602,202501535,FieldTermStack.java,0
1603,202501180,MatchNoDocsQueryNodeBuilder.java,0
1604,202501555,Analyzer.java,0
1605,20250835,TestIndexReader.java,0
1606,202501293,SpansQueryTreeBuilder.java,0
1607,202501617,ReusableStringReader.java,0
1608,20250566,TestICUCollationKeyAnalyzer.java,0
1609,202501654,SynonymTokenFilter.java,0
1610,20250690,TestFrenchMinimalStemFilter.java,0
1611,20250962,TestPerSegmentDeletes.java,0
1612,20250190,TermVectorsReader.java,0
1613,20250981,IndexFiles.java,0
1614,20250703,ShingleFilter.java,0
1615,202501526,QueryTemplateManager.java,0
1616,20250514,TestCJKTokenizer.java,0
1617,202501108,MultiPhraseQueryNodeBuilder.java,0
1618,20250478,TestSnapshotDeletionPolicy.java,0
1619,202501611,TestIndonesianStemmer.java,0
1620,20250860,TestStringIntern.java,0
1621,20250751,BytesRefFSTEnum.java,0
1622,20250253,SimilarityDelegator.java,0
1623,2025021,TestCartesianShapeFilter.java,0
1624,202501363,PrintReaderTask.java,0
1625,20250463,TestFuzzyQuery.java,0
1626,202501210,SpanTermQuery.java,0
1627,20250277,Similarity.java,0
1628,20250960,CachingCollector.java,0
1629,202501241,FilteredTermEnum.java,0
1630,20250388,TestTermRangeFilter.java,0
1631,20250809,KStemData3.java,0
1632,202501464,Utility.java,0
1633,202501542,PorterStemFilter.java,0
1634,20250344,GenerateJflexTLDMacros.java,0
1635,20250773,FieldsWriter.java,0
1636,202501358,NamedThreadFactory.java,0
1637,20250130,English.java,0
1638,20250875,TestBooleanMinShouldMatch.java,0
1639,202501149,FuzzyLikeThisQueryBuilder.java,0
1640,202501423,SwedishStemmer.java,0
1641,2025087,ClassicFilter.java,0
1642,202501509,PatternConsumer.java,0
1643,20250331,QueryNode.java,0
1644,202501264,ParametricRangeQueryNode.java,0
1645,20250470,TestSegmentTermDocs.java,0
1646,20250121,TestQueryParserWrapper.java,0
1647,202501665,SimpleSpanFragmenter.java,0
1648,202501070,FieldableNode.java,0
1649,202501121,StandardQueryConfigHandler.java,0
1650,202501156,TermQueryBuilder.java,0
1651,202501320,SortableSingleDocSource.java,0
1652,20250864,TestWindowsMMap.java,0
1653,202501486,IndexFileNameFilter.java,0
1654,202501152,Sample.java,0
